Index,PctInt*100,NGI Set Intensity,x,y,Lumens
1,0,0,0.4803,0.5197,0.00056506
2,3,0.0003,0.4072,0.4621,0.00056645
3,6,0.0006,0.4208,0.4412,0.00057347
4,9,0.0009,0.4681,0.4302,0.00056592
5,12,0.0012,0.3084,0.4182,0.00058502
6,15,0.0015,0.1207,0.0757,0.020035
7,18,0.0018,0.1209,0.0752,0.023015
8,21,0.0021,0.1206,0.0747,0.024725
9,24,0.0024,0.1212,0.0754,0.026045
10,27,0.0027,0.1214,0.0747,0.028129
11,30,0.003,0.121,0.0741,0.030629
12,33,0.0033,0.1212,0.0738,0.031303
13,36,0.0036,0.1211,0.0734,0.034388
14,39,0.0039,0.1211,0.0734,0.035838
15,42,0.0042,0.1212,0.0729,0.038321
16,45,0.0045,0.1211,0.0726,0.042009
17,48,0.0048,0.121,0.0722,0.043323
18,51,0.0051,0.1215,0.0721,0.043982
19,54,0.0054,0.1215,0.0724,0.047141
20,57,0.0057,0.1213,0.0716,0.049796
21,60,0.006,0.1216,0.0717,0.050813
22,63,0.0063,0.1215,0.0714,0.053508
23,66,0.0066,0.1215,0.0713,0.05468
24,69,0.0069,0.1215,0.0709,0.057297
25,72,0.0072,0.1215,0.0708,0.060634
26,75,0.0075,0.1216,0.0708,0.061909
27,78,0.0078,0.1216,0.0709,0.063529
28,81,0.0081,0.1218,0.0705,0.065423
29,84,0.0084,0.1218,0.0706,0.068914
30,87,0.0087,0.1219,0.0706,0.07009
31,90,0.009,0.1218,0.0705,0.071597
32,93,0.0093,0.1219,0.0703,0.073246
33,96,0.0096,0.122,0.0703,0.076244
34,99,0.0099,0.122,0.0701,0.077608
35,102,0.0102,0.1221,0.0703,0.079962
36,105,0.0105,0.1222,0.0704,0.080971
37,108,0.0108,0.1222,0.0698,0.083747
38,111,0.0111,0.1222,0.07,0.085253
39,114,0.0114,0.1223,0.0701,0.087157
40,117,0.0117,0.1223,0.0699,0.089623
41,120,0.012,0.1224,0.0696,0.090696
42,123,0.0123,0.1223,0.0697,0.092916
43,126,0.0126,0.1224,0.0695,0.095468
44,129,0.0129,0.1224,0.0696,0.096451
45,132,0.0132,0.1224,0.0695,0.097915
46,135,0.0135,0.1225,0.0694,0.10117
47,138,0.0138,0.1226,0.0696,0.10194
48,141,0.0141,0.1228,0.0696,0.10436
49,144,0.0144,0.1228,0.0694,0.10653
50,147,0.0147,0.1226,0.0691,0.10745
51,150,0.015,0.1227,0.0691,0.10907
52,153,0.0153,0.1227,0.0689,0.11185
53,156,0.0156,0.1228,0.0689,0.11392
54,159,0.0159,0.1228,0.0691,0.11512
55,162,0.0162,0.1228,0.069,0.1174
56,165,0.0165,0.1233,0.0696,0.11944
57,168,0.0168,0.123,0.0689,0.12094
58,171,0.0171,0.1232,0.069,0.1223
59,174,0.0174,0.123,0.0684,0.12513
60,177,0.0177,0.1234,0.0692,0.12634
61,180,0.018,0.1232,0.0687,0.12786
62,183,0.0183,0.1235,0.0688,0.12994
63,186,0.0186,0.1232,0.0688,0.13204
64,189,0.0189,0.1232,0.069,0.13339
65,192,0.0192,0.1232,0.0685,0.13478
66,195,0.0195,0.1234,0.0689,0.1355
67,198,0.0198,0.1232,0.0681,0.13861
68,201,0.0201,0.1233,0.0686,0.13928
69,204,0.0204,0.1234,0.0687,0.14209
70,207,0.0207,0.1234,0.0684,0.14378
71,210,0.021,0.1234,0.0685,0.14519
72,213,0.0213,0.1235,0.0683,0.14793
73,216,0.0216,0.1236,0.0684,0.14999
74,219,0.0219,0.1234,0.0682,0.15036
75,222,0.0222,0.1233,0.0679,0.15259
76,225,0.0225,0.1236,0.0679,0.15562
77,228,0.0228,0.1238,0.0682,0.15597
78,231,0.0231,0.1236,0.068,0.15807
79,234,0.0234,0.1235,0.0679,0.15936
80,237,0.0237,0.1235,0.0678,0.16086
81,240,0.024,0.1236,0.068,0.16191
82,243,0.0243,0.1237,0.068,0.16468
83,246,0.0246,0.1235,0.0674,0.16676
84,249,0.0249,0.1238,0.0679,0.168
85,252,0.0252,0.124,0.0678,0.17084
86,255,0.0255,0.1239,0.0679,0.17234
87,258,0.0258,0.1236,0.0671,0.17499
88,261,0.0261,0.1238,0.0672,0.17617
89,264,0.0264,0.1237,0.0673,0.1781
90,267,0.0267,0.1238,0.0669,0.18066
91,270,0.027,0.1238,0.0669,0.18186
92,273,0.0273,0.1238,0.0671,0.18497
93,276,0.0276,0.1239,0.0669,0.18655
94,279,0.0279,0.1239,0.0671,0.18751
95,282,0.0282,0.1239,0.0668,0.19031
96,285,0.0285,0.1239,0.0665,0.19193
97,288,0.0288,0.1239,0.0667,0.19308
98,291,0.0291,0.1239,0.0669,0.19418
99,294,0.0294,0.1239,0.067,0.19662
100,297,0.0297,0.1239,0.0665,0.19881
101,300,0.03,0.124,0.0667,0.20029
102,303,0.0303,0.124,0.0666,0.2027
103,306,0.0306,0.124,0.0665,0.20372
104,309,0.0309,0.124,0.0664,0.2044
105,312,0.0312,0.124,0.0667,0.20516
106,315,0.0315,0.1241,0.0666,0.20715
107,318,0.0318,0.1242,0.0666,0.20891
108,321,0.0321,0.1242,0.0665,0.2117
109,324,0.0324,0.1242,0.0665,0.21245
110,327,0.0327,0.1242,0.0661,0.21437
111,330,0.033,0.1242,0.0661,0.21501
112,333,0.0333,0.1242,0.0663,0.21717
113,336,0.0336,0.1244,0.0662,0.21872
114,339,0.0339,0.1242,0.0661,0.21984
115,342,0.0342,0.1243,0.0659,0.2229
116,345,0.0345,0.1243,0.0661,0.22351
117,348,0.0348,0.1243,0.0659,0.2243
118,351,0.0351,0.1243,0.0661,0.22478
119,354,0.0354,0.1243,0.0661,0.22736
120,357,0.0357,0.1243,0.0659,0.22814
121,360,0.036,0.1244,0.066,0.23024
122,363,0.0363,0.1244,0.0659,0.23129
123,366,0.0366,0.1244,0.066,0.23246
124,369,0.0369,0.1244,0.0659,0.23435
125,372,0.0372,0.1245,0.0659,0.23862
126,375,0.0375,0.1244,0.0657,0.23958
127,378,0.0378,0.1244,0.066,0.24199
128,381,0.0381,0.1245,0.0659,0.24304
129,384,0.0384,0.1244,0.0656,0.24519
130,387,0.0387,0.1244,0.0657,0.24599
131,390,0.039,0.1245,0.0657,0.24707
132,393,0.0393,0.1246,0.0653,0.248
133,396,0.0396,0.1245,0.0657,0.24731
134,399,0.0399,0.1249,0.0659,0.24761
135,402,0.0402,0.1247,0.0655,0.2514
136,405,0.0405,0.1245,0.0655,0.25389
137,408,0.0408,0.1249,0.0657,0.25499
138,411,0.0411,0.1247,0.0653,0.2583
139,414,0.0414,0.1247,0.0652,0.26075
140,417,0.0417,0.1246,0.0652,0.26114
141,420,0.042,0.1246,0.0651,0.26304
142,423,0.0423,0.1249,0.0656,0.26362
143,426,0.0426,0.1249,0.0655,0.2654
144,429,0.0429,0.1248,0.0651,0.26746
145,432,0.0432,0.1249,0.0656,0.26806
146,435,0.0435,0.1247,0.065,0.27076
147,438,0.0438,0.1248,0.0651,0.27143
148,441,0.0441,0.1248,0.065,0.27346
149,444,0.0444,0.1248,0.065,0.27495
150,447,0.0447,0.1248,0.0652,0.27537
151,450,0.045,0.1248,0.0652,0.27672
152,453,0.0453,0.1249,0.0652,0.27789
153,456,0.0456,0.1249,0.065,0.27955
154,459,0.0459,0.1248,0.065,0.28097
155,462,0.0462,0.1251,0.0652,0.28205
156,465,0.0465,0.125,0.065,0.2826
157,468,0.0468,0.125,0.0651,0.2837
158,471,0.0471,0.1249,0.0648,0.28715
159,474,0.0474,0.1249,0.0649,0.28747
160,477,0.0477,0.125,0.0649,0.28965
161,480,0.048,0.125,0.065,0.291
162,483,0.0483,0.125,0.0651,0.29309
163,486,0.0486,0.125,0.065,0.29423
164,489,0.0489,0.125,0.0647,0.2971
165,492,0.0492,0.1252,0.0649,0.29757
166,495,0.0495,0.1251,0.0648,0.29869
167,498,0.0498,0.1251,0.0648,0.29971
168,501,0.0501,0.1252,0.0648,0.30139
169,504,0.0504,0.125,0.0647,0.30262
170,507,0.0507,0.1252,0.065,0.30318
171,510,0.051,0.1251,0.0646,0.30638
172,513,0.0513,0.1251,0.0649,0.3077
173,516,0.0516,0.1251,0.0645,0.30996
174,519,0.0519,0.1251,0.0646,0.31057
175,522,0.0522,0.1253,0.0647,0.31223
176,525,0.0525,0.1251,0.0647,0.31335
177,528,0.0528,0.1252,0.0647,0.31498
178,531,0.0531,0.1253,0.0647,0.31525
179,534,0.0534,0.1251,0.0647,0.31551
180,537,0.0537,0.1251,0.0645,0.31601
181,540,0.054,0.1254,0.0647,0.31912
182,543,0.0543,0.1252,0.0643,0.32285
183,546,0.0546,0.1253,0.0643,0.32357
184,549,0.0549,0.1252,0.0643,0.32542
185,552,0.0552,0.1254,0.0645,0.32592
186,555,0.0555,0.1252,0.0644,0.32736
187,558,0.0558,0.1253,0.0643,0.32974
188,561,0.0561,0.1252,0.0644,0.3302
189,564,0.0564,0.1253,0.0644,0.33188
190,567,0.0567,0.1254,0.0644,0.33292
191,570,0.057,0.1253,0.064,0.33711
192,573,0.0573,0.1254,0.0643,0.33736
193,576,0.0576,0.1254,0.0643,0.33782
194,579,0.0579,0.1254,0.0644,0.33955
195,582,0.0582,0.1256,0.0644,0.34145
196,585,0.0585,0.1255,0.0643,0.34382
197,588,0.0588,0.1255,0.0645,0.34456
198,591,0.0591,0.1254,0.0641,0.346
199,594,0.0594,0.1254,0.0638,0.34831
200,597,0.0597,0.1255,0.0641,0.34898
201,600,0.06,0.1254,0.0641,0.35059
202,603,0.0603,0.1254,0.0637,0.35281
203,606,0.0606,0.1256,0.0639,0.3538
204,609,0.0609,0.1255,0.0641,0.35529
205,612,0.0612,0.1256,0.0644,0.35518
206,615,0.0615,0.1255,0.0639,0.3581
207,618,0.0618,0.1257,0.0643,0.35835
208,621,0.0621,0.1256,0.064,0.36147
209,624,0.0624,0.1255,0.0641,0.3623
210,627,0.0627,0.1256,0.064,0.36329
211,630,0.063,0.1256,0.0641,0.36313
212,633,0.0633,0.1256,0.0638,0.36427
213,636,0.0636,0.1257,0.0639,0.36679
214,639,0.0639,0.1259,0.0645,0.36757
215,642,0.0642,0.1256,0.0637,0.37098
216,645,0.0645,0.1256,0.064,0.37218
217,648,0.0648,0.1256,0.0637,0.37469
218,651,0.0651,0.1256,0.0635,0.37656
219,654,0.0654,0.1256,0.0634,0.37799
220,657,0.0657,0.1257,0.0637,0.37896
221,660,0.066,0.1256,0.0636,0.38045
222,663,0.0663,0.1256,0.0634,0.38188
223,666,0.0666,0.1257,0.0639,0.38141
224,669,0.0669,0.1256,0.0636,0.38372
225,672,0.0672,0.1257,0.0633,0.38576
226,675,0.0675,0.1257,0.0634,0.3867
227,678,0.0678,0.1257,0.0634,0.38801
228,681,0.0681,0.1257,0.0636,0.38833
229,684,0.0684,0.1257,0.0633,0.39024
230,687,0.0687,0.1257,0.0633,0.39285
231,690,0.069,0.1257,0.0633,0.39351
232,693,0.0693,0.1257,0.0633,0.39464
233,696,0.0696,0.1257,0.0633,0.39637
234,699,0.0699,0.1258,0.0635,0.39692
235,702,0.0702,0.1258,0.0632,0.39857
236,705,0.0705,0.1258,0.0632,0.40018
237,708,0.0708,0.1257,0.0632,0.40109
238,711,0.0711,0.1258,0.0633,0.40127
239,714,0.0714,0.1258,0.0634,0.4023
240,717,0.0717,0.1258,0.0631,0.40527
241,720,0.072,0.1258,0.0632,0.405
242,723,0.0723,0.1258,0.0633,0.40629
243,726,0.0726,0.1258,0.0632,0.40917
244,729,0.0729,0.1258,0.0631,0.41063
245,732,0.0732,0.1258,0.0632,0.4118
246,735,0.0735,0.1258,0.0633,0.41222
247,738,0.0738,0.1258,0.063,0.41439
248,741,0.0741,0.1259,0.063,0.4154
249,744,0.0744,0.1259,0.0632,0.41618
250,747,0.0747,0.1259,0.0632,0.41748
251,750,0.075,0.1259,0.0632,0.4186
252,753,0.0753,0.1259,0.0631,0.41951
253,756,0.0756,0.1259,0.0629,0.42231
254,759,0.0759,0.1259,0.0633,0.42187
255,762,0.0762,0.1259,0.063,0.42383
256,765,0.0765,0.1259,0.063,0.42563
257,768,0.0768,0.126,0.0632,0.42675
258,771,0.0771,0.1259,0.0629,0.42807
259,774,0.0774,0.126,0.0632,0.42791
260,777,0.0777,0.1259,0.063,0.43125
261,780,0.078,0.126,0.063,0.43203
262,783,0.0783,0.126,0.0629,0.43421
263,786,0.0786,0.126,0.063,0.43413
264,789,0.0789,0.126,0.0632,0.43447
265,792,0.0792,0.126,0.0632,0.43541
266,795,0.0795,0.126,0.063,0.43606
267,798,0.0798,0.126,0.0628,0.43815
268,801,0.0801,0.126,0.0629,0.43827
269,804,0.0804,0.1261,0.063,0.43928
270,807,0.0807,0.1261,0.0628,0.44433
271,810,0.081,0.126,0.0627,0.44601
272,813,0.0813,0.126,0.0628,0.44677
273,816,0.0816,0.1261,0.0628,0.44831
274,819,0.0819,0.1261,0.0627,0.44987
275,822,0.0822,0.1261,0.0628,0.45066
276,825,0.0825,0.1261,0.0627,0.45236
277,828,0.0828,0.1261,0.0626,0.4538
278,831,0.0831,0.1261,0.0627,0.45342
279,834,0.0834,0.1261,0.0628,0.45499
280,837,0.0837,0.1261,0.0626,0.45697
281,840,0.084,0.1261,0.0627,0.45809
282,843,0.0843,0.1261,0.0625,0.4588
283,846,0.0846,0.1262,0.0626,0.46068
284,849,0.0849,0.1262,0.0626,0.46236
285,852,0.0852,0.1262,0.0625,0.46304
286,855,0.0855,0.1262,0.0625,0.46485
287,858,0.0858,0.1262,0.0627,0.46534
288,861,0.0861,0.1262,0.0626,0.46664
289,864,0.0864,0.1262,0.0625,0.46793
290,867,0.0867,0.1262,0.0626,0.46923
291,870,0.087,0.1262,0.0625,0.46957
292,873,0.0873,0.1262,0.0625,0.47061
293,876,0.0876,0.1262,0.0626,0.47162
294,879,0.0879,0.1262,0.0625,0.47319
295,882,0.0882,0.1263,0.0626,0.47373
296,885,0.0885,0.1262,0.0625,0.47654
297,888,0.0888,0.1262,0.0624,0.47856
298,891,0.0891,0.1262,0.0626,0.47831
299,894,0.0894,0.1263,0.0623,0.48083
300,897,0.0897,0.1263,0.0624,0.48157
301,900,0.09,0.1263,0.0624,0.48233
302,903,0.0903,0.1263,0.0623,0.48442
303,906,0.0906,0.1263,0.0623,0.48583
304,909,0.0909,0.1263,0.0622,0.48677
305,912,0.0912,0.1263,0.0622,0.48746
306,915,0.0915,0.1263,0.0623,0.48924
307,918,0.0918,0.1263,0.0621,0.49096
308,921,0.0921,0.1263,0.0625,0.49134
309,924,0.0924,0.1264,0.0622,0.49396
310,927,0.0927,0.1264,0.0621,0.49605
311,930,0.093,0.1264,0.0622,0.49665
312,933,0.0933,0.1264,0.0624,0.49684
313,936,0.0936,0.1264,0.0621,0.50046
314,939,0.0939,0.1264,0.0621,0.50282
315,942,0.0942,0.1264,0.0622,0.50316
316,945,0.0945,0.1264,0.0622,0.50318
317,948,0.0948,0.1264,0.0623,0.50335
318,951,0.0951,0.1264,0.062,0.5041
319,954,0.0954,0.1264,0.062,0.50416
320,957,0.0957,0.1264,0.0622,0.50379
321,960,0.096,0.1264,0.0621,0.50557
322,963,0.0963,0.1265,0.0621,0.50828
323,966,0.0966,0.1265,0.0622,0.50852
324,969,0.0969,0.1264,0.062,0.51046
325,972,0.0972,0.1265,0.0621,0.51055
326,975,0.0975,0.1265,0.0623,0.51161
327,978,0.0978,0.1265,0.0621,0.51316
328,981,0.0981,0.1265,0.0621,0.51392
329,984,0.0984,0.1265,0.062,0.51606
330,987,0.0987,0.1265,0.0621,0.51752
331,990,0.099,0.1265,0.0621,0.51801
332,993,0.0993,0.1265,0.0619,0.52073
333,996,0.0996,0.1265,0.062,0.52147
334,999,0.0999,0.1265,0.062,0.52236
335,1010,0.101,0.1265,0.0619,0.52796
336,1020,0.102,0.1265,0.0618,0.53129
337,1030,0.103,0.1266,0.0619,0.53432
338,1040,0.104,0.1267,0.062,0.53853
339,1050,0.105,0.1266,0.0616,0.54396
340,1060,0.106,0.1267,0.0617,0.54779
341,1070,0.107,0.1267,0.0617,0.55098
342,1080,0.108,0.1267,0.0617,0.55424
343,1090,0.109,0.1268,0.0618,0.55831
344,1100,0.11,0.1268,0.0615,0.56364
345,1110,0.111,0.1268,0.0617,0.56642
346,1120,0.112,0.1268,0.0617,0.56966
347,1130,0.113,0.1268,0.0614,0.57557
348,1140,0.114,0.1268,0.0614,0.58005
349,1150,0.115,0.1268,0.0615,0.58331
350,1160,0.116,0.1268,0.0614,0.5868
351,1170,0.117,0.1269,0.0614,0.5911
352,1180,0.118,0.1269,0.0613,0.59581
353,1190,0.119,0.1269,0.0614,0.5978
354,1200,0.12,0.1269,0.0614,0.60241
355,1210,0.121,0.127,0.0612,0.60759
356,1220,0.122,0.127,0.0613,0.6111
357,1230,0.123,0.127,0.061,0.61474
358,1240,0.124,0.127,0.0612,0.61787
359,1250,0.125,0.1271,0.061,0.62344
360,1260,0.126,0.1271,0.061,0.62759
361,1270,0.127,0.1271,0.061,0.62823
362,1280,0.128,0.1271,0.061,0.63065
363,1290,0.129,0.1271,0.0609,0.63606
364,1300,0.13,0.1271,0.0607,0.64111
365,1310,0.131,0.1271,0.0607,0.64379
366,1320,0.132,0.1271,0.0608,0.64803
367,1330,0.133,0.1272,0.0606,0.6518
368,1340,0.134,0.1272,0.0607,0.65572
369,1350,0.135,0.1272,0.0607,0.65917
370,1360,0.136,0.1272,0.0606,0.66315
371,1370,0.137,0.1272,0.0606,0.66706
372,1380,0.138,0.1273,0.0605,0.67183
373,1390,0.139,0.1273,0.0604,0.67549
374,1400,0.14,0.1273,0.0606,0.67878
375,1410,0.141,0.1273,0.0605,0.68275
376,1420,0.142,0.1273,0.0603,0.6873
377,1430,0.143,0.1273,0.0603,0.69106
378,1440,0.144,0.1274,0.0604,0.6936
379,1450,0.145,0.1274,0.0604,0.69739
380,1460,0.146,0.1274,0.0602,0.70155
381,1470,0.147,0.1274,0.0603,0.70555
382,1480,0.148,0.1274,0.0602,0.70969
383,1490,0.149,0.1275,0.0601,0.71336
384,1500,0.15,0.1275,0.0603,0.71581
385,1510,0.151,0.1275,0.0601,0.71973
386,1520,0.152,0.1275,0.0602,0.72332
387,1530,0.153,0.1275,0.0601,0.72721
388,1540,0.154,0.1275,0.0601,0.73085
389,1550,0.155,0.1275,0.0601,0.73547
390,1560,0.156,0.1275,0.06,0.74047
391,1570,0.157,0.1276,0.0599,0.74442
392,1580,0.158,0.1275,0.06,0.74472
393,1590,0.159,0.1276,0.06,0.74814
394,1600,0.16,0.1276,0.06,0.75171
395,1610,0.161,0.1276,0.0601,0.75536
396,1620,0.162,0.1276,0.0599,0.76012
397,1630,0.163,0.1276,0.0599,0.76392
398,1640,0.164,0.1277,0.06,0.76585
399,1650,0.165,0.1277,0.06,0.76969
400,1660,0.166,0.1276,0.0599,0.77343
401,1670,0.167,0.1277,0.0598,0.77679
402,1680,0.168,0.1277,0.0599,0.77947
403,1690,0.169,0.1277,0.0597,0.78407
404,1700,0.17,0.1277,0.0597,0.78744
405,1710,0.171,0.1278,0.0598,0.78958
406,1720,0.172,0.1278,0.0598,0.79365
407,1730,0.173,0.1278,0.0598,0.79616
408,1740,0.174,0.1278,0.0596,0.80077
409,1750,0.175,0.1279,0.0597,0.80341
410,1760,0.176,0.1278,0.0596,0.80711
411,1770,0.177,0.1278,0.0596,0.81022
412,1780,0.178,0.1279,0.0594,0.8146
413,1790,0.179,0.1279,0.0597,0.81532
414,1800,0.18,0.1279,0.0594,0.82082
415,1810,0.181,0.1279,0.0596,0.8236
416,1820,0.182,0.1279,0.0596,0.82602
417,1830,0.183,0.1279,0.0595,0.8299
418,1840,0.184,0.1279,0.0596,0.83374
419,1850,0.185,0.128,0.0594,0.83809
420,1860,0.186,0.1279,0.0594,0.8415
421,1870,0.187,0.128,0.0595,0.84376
422,1880,0.188,0.128,0.0594,0.84749
423,1890,0.189,0.128,0.0594,0.85096
424,1900,0.19,0.128,0.0594,0.84145
425,1910,0.191,0.128,0.0594,0.84593
426,1920,0.192,0.128,0.0595,0.84848
427,1930,0.193,0.128,0.0595,0.85096
428,1940,0.194,0.128,0.0594,0.8549
429,1950,0.195,0.128,0.0592,0.85929
430,1960,0.196,0.128,0.0594,0.86105
431,1970,0.197,0.128,0.0593,0.86464
432,1980,0.198,0.128,0.0593,0.8681
433,1990,0.199,0.1281,0.0592,0.87177
434,2000,0.2,0.1281,0.0592,0.8745
435,2010,0.201,0.1281,0.0592,0.87768
436,2020,0.202,0.1281,0.0592,0.88107
437,2030,0.203,0.1281,0.0593,0.88349
438,2040,0.204,0.1281,0.0593,0.88655
439,2050,0.205,0.1281,0.0591,0.89062
440,2060,0.206,0.1282,0.0594,0.89041
441,2070,0.207,0.1281,0.0591,0.89728
442,2080,0.208,0.1282,0.0593,0.89755
443,2090,0.209,0.1282,0.059,0.90304
444,2100,0.21,0.1282,0.0591,0.90542
445,2110,0.211,0.1282,0.0593,0.90655
446,2120,0.212,0.1282,0.059,0.9134
447,2130,0.213,0.1284,0.059,0.91703
448,2140,0.214,0.1283,0.0591,0.91848
449,2150,0.215,0.1283,0.0591,0.92104
450,2160,0.216,0.1283,0.0589,0.92603
451,2170,0.217,0.1283,0.0589,0.92821
452,2180,0.218,0.1283,0.0593,0.92875
453,2190,0.219,0.1283,0.0589,0.93431
454,2200,0.22,0.1283,0.0589,0.93799
455,2210,0.221,0.1283,0.0588,0.94144
456,2220,0.222,0.1283,0.0587,0.94528
457,2230,0.223,0.1283,0.0589,0.94669
458,2240,0.224,0.1284,0.059,0.94803
459,2250,0.225,0.1283,0.0588,0.95232
460,2260,0.226,0.1284,0.0587,0.95705
461,2270,0.227,0.1284,0.0589,0.95813
462,2280,0.228,0.1284,0.0588,0.96212
463,2290,0.229,0.1284,0.0587,0.96428
464,2300,0.23,0.1284,0.0586,0.96862
465,2310,0.231,0.1284,0.0588,0.96963
466,2320,0.232,0.1284,0.0586,0.9748
467,2330,0.233,0.1284,0.0586,0.97634
468,2340,0.234,0.1284,0.0586,0.97961
469,2350,0.235,0.1285,0.0586,0.98285
470,2360,0.236,0.1285,0.0586,0.98566
471,2370,0.237,0.1285,0.0586,0.98893
472,2380,0.238,0.1286,0.0588,0.99058
473,2390,0.239,0.1285,0.0587,0.99468
474,2400,0.24,0.1285,0.0585,0.99876
475,2410,0.241,0.1285,0.0585,1.0014
476,2420,0.242,0.1285,0.0585,1.0043
477,2430,0.243,0.1286,0.0588,1.0046
478,2440,0.244,0.1285,0.0586,1.009
479,2450,0.245,0.1286,0.0586,1.0113
480,2460,0.246,0.1286,0.0585,1.0156
481,2470,0.247,0.1286,0.0586,1.0174
482,2480,0.248,0.1286,0.0586,1.0201
483,2490,0.249,0.1287,0.0583,1.0247
484,2500,0.25,0.1286,0.0585,1.0267
485,2510,0.251,0.1286,0.0584,1.0302
486,2520,0.252,0.1286,0.0584,1.0332
487,2530,0.253,0.1286,0.0584,1.0357
488,2540,0.254,0.1287,0.0586,1.0373
489,2550,0.255,0.1287,0.0586,1.0389
490,2560,0.256,0.1287,0.0583,1.0446
491,2570,0.257,0.1287,0.0583,1.0476
492,2580,0.258,0.1287,0.0585,1.048
493,2590,0.259,0.1287,0.0584,1.0522
494,2600,0.26,0.1287,0.0582,1.056
495,2610,0.261,0.1288,0.0585,1.0562
496,2620,0.262,0.1288,0.0582,1.0613
497,2630,0.263,0.1287,0.0584,1.0632
498,2640,0.264,0.1288,0.0585,1.0648
499,2650,0.265,0.1287,0.0582,1.0712
500,2660,0.266,0.1287,0.0582,1.074
501,2670,0.267,0.1289,0.0583,1.0765
502,2680,0.268,0.1288,0.0582,1.079
503,2690,0.269,0.1288,0.0582,1.0823
504,2700,0.27,0.1288,0.0583,1.0839
505,2710,0.271,0.1288,0.0583,1.0865
506,2720,0.272,0.1287,0.0582,1.0912
507,2730,0.273,0.1288,0.0583,1.0922
508,2740,0.274,0.1288,0.0581,1.0963
509,2750,0.275,0.1288,0.058,1.1004
510,2760,0.276,0.1288,0.0582,1.1015
511,2770,0.277,0.1288,0.0582,1.1037
512,2780,0.278,0.1288,0.0581,1.1072
513,2790,0.279,0.1288,0.0582,1.1086
514,2800,0.28,0.1289,0.0581,1.1107
515,2810,0.281,0.1289,0.0581,1.1146
516,2820,0.282,0.1289,0.0581,1.1177
517,2830,0.283,0.1289,0.0581,1.1195
518,2840,0.284,0.1289,0.0579,1.1243
519,2850,0.285,0.1289,0.0581,1.1253
520,2860,0.286,0.1289,0.0579,1.129
521,2870,0.287,0.1289,0.058,1.1312
522,2880,0.288,0.1289,0.0579,1.1347
523,2890,0.289,0.1289,0.0579,1.1382
524,2900,0.29,0.1289,0.0578,1.1412
525,2910,0.291,0.1289,0.058,1.1421
526,2920,0.292,0.129,0.0584,1.1404
527,2930,0.293,0.1289,0.058,1.1474
528,2940,0.294,0.129,0.0581,1.1492
529,2950,0.295,0.129,0.0581,1.1526
530,2960,0.296,0.129,0.0579,1.1562
531,2970,0.297,0.129,0.0581,1.1567
532,2980,0.298,0.129,0.0581,1.1594
533,2990,0.299,0.129,0.0579,1.1643
534,3000,0.3,0.129,0.0581,1.1647
535,3010,0.301,0.129,0.0581,1.167
536,3020,0.302,0.129,0.0579,1.1718
537,3030,0.303,0.129,0.0578,1.1751
538,3040,0.304,0.129,0.0579,1.178
539,3050,0.305,0.1292,0.0579,1.1793
540,3060,0.306,0.129,0.058,1.1816
541,3070,0.307,0.1291,0.0579,1.1847
542,3080,0.308,0.1291,0.0579,1.1869
543,3090,0.309,0.129,0.0578,1.1917
544,3100,0.31,0.1291,0.0578,1.1933
545,3110,0.311,0.1291,0.0579,1.194
546,3120,0.312,0.1291,0.0578,1.1986
547,3130,0.313,0.1291,0.058,1.1996
548,3140,0.314,0.1291,0.0578,1.2039
549,3150,0.315,0.1291,0.0578,1.2064
550,3160,0.316,0.1291,0.0579,1.2071
551,3170,0.317,0.1291,0.0576,1.2132
552,3180,0.318,0.1291,0.0578,1.214
553,3190,0.319,0.1291,0.0576,1.2181
554,3200,0.32,0.1292,0.0579,1.2173
555,3210,0.321,0.1292,0.0577,1.2218
556,3220,0.322,0.1291,0.058,1.2254
557,3230,0.323,0.1292,0.0577,1.229
558,3240,0.324,0.1291,0.0577,1.2312
559,3250,0.325,0.1292,0.0577,1.2339
560,3260,0.326,0.1292,0.0577,1.2364
561,3270,0.327,0.1292,0.0577,1.2395
562,3280,0.328,0.1292,0.0578,1.2406
563,3290,0.329,0.1292,0.0575,1.2471
564,3300,0.33,0.1292,0.0577,1.248
565,3310,0.331,0.1292,0.0577,1.2503
566,3320,0.332,0.1292,0.0576,1.2512
567,3330,0.333,0.1292,0.0577,1.2532
568,3340,0.334,0.1292,0.0576,1.2575
569,3350,0.335,0.1292,0.0575,1.2613
570,3360,0.336,0.1293,0.0575,1.263
571,3370,0.337,0.1292,0.0575,1.266
572,3380,0.338,0.1292,0.0576,1.2672
573,3390,0.339,0.1292,0.0575,1.2716
574,3400,0.34,0.1293,0.0577,1.2711
575,3410,0.341,0.1293,0.0576,1.2745
576,3420,0.342,0.1293,0.0575,1.2775
577,3430,0.343,0.1293,0.0575,1.2805
578,3440,0.344,0.1293,0.0574,1.2838
579,3450,0.345,0.1293,0.0571,1.2902
580,3460,0.346,0.1293,0.0572,1.2917
581,3470,0.347,0.1293,0.0573,1.2935
582,3480,0.348,0.1293,0.0574,1.2954
583,3490,0.349,0.1293,0.0571,1.3007
584,3500,0.35,0.1293,0.057,1.3035
585,3510,0.351,0.1293,0.0573,1.3019
586,3520,0.352,0.1293,0.0572,1.3054
587,3530,0.353,0.1293,0.0572,1.3096
588,3540,0.354,0.1293,0.0573,1.3099
589,3550,0.355,0.1293,0.0572,1.3132
590,3560,0.356,0.1293,0.0571,1.3157
591,3570,0.357,0.1294,0.0572,1.3191
592,3580,0.358,0.1293,0.0571,1.3218
593,3590,0.359,0.1293,0.0571,1.3245
594,3600,0.36,0.1294,0.0569,1.3276
595,3610,0.361,0.1294,0.0571,1.3275
596,3620,0.362,0.1294,0.0569,1.3324
597,3630,0.363,0.1294,0.057,1.3354
598,3640,0.364,0.1294,0.057,1.3367
599,3650,0.365,0.1294,0.057,1.3391
600,3660,0.366,0.1294,0.0572,1.3395
601,3670,0.367,0.1294,0.0571,1.3427
602,3680,0.368,0.1294,0.057,1.3467
603,3690,0.369,0.1294,0.057,1.3486
604,3700,0.37,0.1294,0.0571,1.3488
605,3710,0.371,0.1295,0.0571,1.3514
606,3720,0.372,0.1294,0.0571,1.3536
607,3730,0.373,0.1294,0.057,1.3583
608,3740,0.374,0.1294,0.057,1.3599
609,3750,0.375,0.1295,0.0571,1.3609
610,3760,0.376,0.1294,0.0568,1.3679
611,3770,0.377,0.1295,0.057,1.3669
612,3780,0.378,0.1297,0.0571,1.3671
613,3790,0.379,0.1294,0.0572,1.3697
614,3800,0.38,0.1294,0.0571,1.3727
615,3810,0.381,0.1294,0.0569,1.3768
616,3820,0.382,0.1294,0.057,1.3793
617,3830,0.383,0.1294,0.057,1.3808
618,3840,0.384,0.1295,0.0571,1.3824
619,3850,0.385,0.1295,0.0569,1.3856
620,3860,0.386,0.1294,0.0569,1.3897
621,3870,0.387,0.1295,0.0569,1.3956
622,3880,0.388,0.1295,0.0569,1.3981
623,3890,0.389,0.1295,0.0569,1.4
624,3900,0.39,0.1295,0.0568,1.4047
625,3910,0.391,0.1295,0.0568,1.4069
626,3920,0.392,0.1295,0.0568,1.4083
627,3930,0.393,0.1295,0.0569,1.4098
628,3940,0.394,0.1295,0.0569,1.414
629,3950,0.395,0.1295,0.0569,1.4149
630,3960,0.396,0.1295,0.0568,1.4187
631,3970,0.397,0.1295,0.0568,1.4189
632,3980,0.398,0.1295,0.0568,1.4231
633,3990,0.399,0.1295,0.0568,1.4249
634,4000,0.4,0.1295,0.0567,1.4294
635,4010,0.401,0.1295,0.0568,1.4297
636,4020,0.402,0.1296,0.057,1.4277
637,4030,0.403,0.1295,0.0568,1.4329
638,4040,0.404,0.1296,0.0569,1.4345
639,4050,0.405,0.1295,0.0569,1.4376
640,4060,0.406,0.1296,0.0567,1.442
641,4070,0.407,0.1296,0.0567,1.4438
642,4080,0.408,0.1295,0.0568,1.4449
643,4090,0.409,0.1296,0.0567,1.4486
644,4100,0.41,0.1296,0.0568,1.4496
645,4110,0.411,0.1296,0.0566,1.4544
646,4120,0.412,0.1296,0.0567,1.456
647,4130,0.413,0.1296,0.0568,1.4563
648,4140,0.414,0.1296,0.0567,1.4601
649,4150,0.415,0.1296,0.0566,1.4627
650,4160,0.416,0.1296,0.0567,1.465
651,4170,0.417,0.1296,0.0567,1.4664
652,4180,0.418,0.1296,0.0568,1.4663
653,4190,0.419,0.1297,0.0567,1.4708
654,4200,0.42,0.1296,0.0567,1.4742
655,4210,0.421,0.1296,0.0567,1.4761
656,4220,0.422,0.1296,0.0567,1.4768
657,4230,0.423,0.1296,0.0566,1.4819
658,4240,0.424,0.1296,0.0567,1.482
659,4250,0.425,0.1296,0.0568,1.4836
660,4260,0.426,0.1297,0.0566,1.4861
661,4270,0.427,0.1296,0.0567,1.4871
662,4280,0.428,0.1296,0.0566,1.4913
663,4290,0.429,0.1297,0.0566,1.4936
664,4300,0.43,0.1297,0.0567,1.4951
665,4310,0.431,0.1297,0.0566,1.4988
666,4320,0.432,0.1297,0.0565,1.5004
667,4330,0.433,0.1298,0.0566,1.5028
668,4340,0.434,0.1297,0.0568,1.5024
669,4350,0.435,0.1297,0.0565,1.5082
670,4360,0.436,0.1297,0.0566,1.508
671,4370,0.437,0.1297,0.0567,1.5095
672,4380,0.438,0.1297,0.0566,1.5134
673,4390,0.439,0.1297,0.0567,1.5145
674,4400,0.44,0.1297,0.0566,1.5189
675,4410,0.441,0.1297,0.0565,1.5218
676,4420,0.442,0.1297,0.0565,1.5238
677,4430,0.443,0.1297,0.0566,1.5243
678,4440,0.444,0.1298,0.0566,1.5271
679,4450,0.445,0.1297,0.0566,1.5305
680,4460,0.446,0.1297,0.0566,1.5315
681,4470,0.447,0.1297,0.0565,1.5341
682,4480,0.448,0.1297,0.0565,1.5361
683,4490,0.449,0.1297,0.0565,1.5374
684,4500,0.45,0.1297,0.0564,1.5433
685,4510,0.451,0.1297,0.0567,1.54
686,4520,0.452,0.1297,0.0565,1.5445
687,4530,0.453,0.1297,0.0566,1.5443
688,4540,0.454,0.1297,0.0566,1.549
689,4550,0.455,0.1298,0.0564,1.552
690,4560,0.456,0.1298,0.0566,1.5511
691,4570,0.457,0.1298,0.0566,1.5552
692,4580,0.458,0.1298,0.0567,1.5538
693,4590,0.459,0.1297,0.0566,1.5578
694,4600,0.46,0.1298,0.0565,1.5622
695,4610,0.461,0.1298,0.0564,1.566
696,4620,0.462,0.1298,0.0563,1.5694
697,4630,0.463,0.1299,0.0566,1.5655
698,4640,0.464,0.1298,0.0564,1.5722
699,4650,0.465,0.1298,0.0564,1.5747
700,4660,0.466,0.1298,0.0565,1.5752
701,4670,0.467,0.1298,0.0565,1.5755
702,4680,0.468,0.1298,0.0565,1.5777
703,4690,0.469,0.1298,0.0564,1.5819
704,4700,0.47,0.1298,0.0567,1.5797
705,4710,0.471,0.1298,0.0565,1.5844
706,4720,0.472,0.1298,0.0565,1.5873
707,4730,0.473,0.1298,0.0565,1.5879
708,4740,0.474,0.1298,0.0565,1.5897
709,4750,0.475,0.1299,0.0566,1.5929
710,4760,0.476,0.1298,0.0564,1.5975
711,4770,0.477,0.1298,0.0564,1.5999
712,4780,0.478,0.1298,0.0565,1.5985
713,4790,0.479,0.1298,0.0565,1.601
714,4800,0.48,0.1298,0.0565,1.604
715,4810,0.481,0.1298,0.0563,1.6065
716,4820,0.482,0.1298,0.0564,1.61
717,4830,0.483,0.1298,0.0564,1.6115
718,4840,0.484,0.1298,0.0565,1.6128
719,4850,0.485,0.1298,0.0565,1.613
720,4860,0.486,0.1298,0.0565,1.6164
721,4870,0.487,0.1299,0.0565,1.6177
722,4880,0.488,0.1299,0.0566,1.6187
723,4890,0.489,0.1299,0.0562,1.6257
724,4900,0.49,0.1299,0.0562,1.6268
725,4910,0.491,0.1299,0.0562,1.6297
726,4920,0.492,0.1299,0.0563,1.6317
727,4930,0.493,0.1299,0.0562,1.6356
728,4940,0.494,0.1299,0.0563,1.6343
729,4950,0.495,0.1299,0.0563,1.6374
730,4960,0.496,0.1299,0.0565,1.6369
731,4970,0.497,0.1299,0.0564,1.6418
732,4980,0.498,0.1299,0.0564,1.6421
733,4990,0.499,0.1299,0.0561,1.6483
734,5000,0.5,0.1299,0.0565,1.6454
735,5010,0.501,0.1299,0.0563,1.6484
736,5020,0.502,0.1299,0.0564,1.6486
737,5030,0.503,0.1299,0.0563,1.6536
738,5040,0.504,0.1299,0.0564,1.6545
739,5050,0.505,0.1299,0.0562,1.6591
740,5060,0.506,0.1299,0.0563,1.6592
741,5070,0.507,0.1299,0.0566,1.6571
742,5080,0.508,0.1299,0.0565,1.6622
743,5090,0.509,0.1299,0.0565,1.6646
744,5100,0.51,0.1299,0.0563,1.6691
745,5110,0.511,0.1299,0.0564,1.669
746,5120,0.512,0.1299,0.0564,1.6695
747,5130,0.513,0.1301,0.0564,1.6699
748,5140,0.514,0.1299,0.0562,1.6781
749,5150,0.515,0.13,0.0564,1.6771
750,5160,0.516,0.1299,0.0564,1.6781
751,5170,0.517,0.1299,0.0565,1.6791
752,5180,0.518,0.1299,0.0563,1.683
753,5190,0.519,0.1299,0.0563,1.6864
754,5200,0.52,0.13,0.0564,1.6871
755,5210,0.521,0.13,0.0562,1.6917
756,5220,0.522,0.13,0.0562,1.6927
757,5230,0.523,0.13,0.0561,1.6956
758,5240,0.524,0.13,0.0565,1.6923
759,5250,0.525,0.13,0.0562,1.6992
760,5260,0.526,0.13,0.0561,1.7032
761,5270,0.527,0.13,0.0563,1.7015
762,5280,0.528,0.13,0.0563,1.7046
763,5290,0.529,0.13,0.0564,1.7046
764,5300,0.53,0.13,0.0562,1.7099
765,5310,0.531,0.13,0.0563,1.7103
766,5320,0.532,0.13,0.0565,1.71
767,5330,0.533,0.13,0.0562,1.7151
768,5340,0.534,0.13,0.0562,1.7168
769,5350,0.535,0.13,0.0562,1.7193
770,5360,0.536,0.13,0.0563,1.7179
771,5370,0.537,0.13,0.0562,1.7231
772,5380,0.538,0.13,0.0562,1.7253
773,5390,0.539,0.13,0.0562,1.7251
774,5400,0.54,0.13,0.0563,1.7266
775,5410,0.541,0.1301,0.0564,1.7268
776,5420,0.542,0.1301,0.0562,1.7338
777,5430,0.543,0.13,0.0563,1.7342
778,5440,0.544,0.13,0.0561,1.7391
779,5450,0.545,0.13,0.0563,1.7372
780,5460,0.546,0.13,0.0563,1.7366
781,5470,0.547,0.13,0.0561,1.7427
782,5480,0.548,0.13,0.0562,1.7446
783,5490,0.549,0.13,0.0563,1.7449
784,5500,0.55,0.13,0.0561,1.7499
785,5510,0.551,0.13,0.0561,1.7519
786,5520,0.552,0.13,0.0562,1.7501
787,5530,0.553,0.13,0.0561,1.7553
788,5540,0.554,0.13,0.0561,1.7584
789,5550,0.555,0.13,0.0563,1.7556
790,5560,0.556,0.1301,0.056,1.7638
791,5570,0.557,0.13,0.0563,1.7642
792,5580,0.558,0.1301,0.0562,1.7676
793,5590,0.559,0.1301,0.056,1.7723
794,5600,0.56,0.13,0.0561,1.7725
795,5610,0.561,0.13,0.0564,1.7699
796,5620,0.562,0.13,0.0562,1.7768
797,5630,0.563,0.13,0.0562,1.778
798,5640,0.564,0.13,0.0562,1.7808
799,5650,0.565,0.13,0.0562,1.7808
800,5660,0.566,0.1301,0.0562,1.7828
801,5670,0.567,0.1301,0.0563,1.7822
802,5680,0.568,0.1301,0.0561,1.7879
803,5690,0.569,0.13,0.0561,1.791
804,5700,0.57,0.13,0.0562,1.7927
805,5710,0.571,0.1301,0.0562,1.7945
806,5720,0.572,0.13,0.0562,1.7959
807,5730,0.573,0.13,0.0562,1.797
808,5740,0.574,0.1301,0.0561,1.8015
809,5750,0.575,0.1301,0.0561,1.8033
810,5760,0.576,0.1301,0.0562,1.8035
811,5770,0.577,0.13,0.0561,1.8064
812,5780,0.578,0.1301,0.0561,1.8089
813,5790,0.579,0.1301,0.0562,1.8088
814,5800,0.58,0.1301,0.056,1.8131
815,5810,0.581,0.13,0.0562,1.8128
816,5820,0.582,0.1301,0.0562,1.8147
817,5830,0.583,0.1301,0.0561,1.8163
818,5840,0.584,0.1301,0.0561,1.8197
819,5850,0.585,0.1301,0.0561,1.8226
820,5860,0.586,0.1301,0.0561,1.8244
821,5870,0.587,0.1301,0.0562,1.826
822,5880,0.588,0.1301,0.0561,1.8283
823,5890,0.589,0.1301,0.0561,1.831
824,5900,0.59,0.1301,0.0561,1.8302
825,5910,0.591,0.1301,0.0563,1.8297
826,5920,0.592,0.1301,0.0561,1.8331
827,5930,0.593,0.1301,0.0561,1.8376
828,5940,0.594,0.1301,0.0559,1.8421
829,5950,0.595,0.1301,0.056,1.8439
830,5960,0.596,0.1302,0.0563,1.8384
831,5970,0.597,0.1301,0.0559,1.8475
832,5980,0.598,0.1301,0.0561,1.8474
833,5990,0.599,0.1301,0.056,1.8522
834,6000,0.6,0.1301,0.0562,1.849
835,6010,0.601,0.1301,0.0561,1.8507
836,6020,0.602,0.1301,0.0561,1.852
837,6030,0.603,0.1302,0.0563,1.852
838,6040,0.604,0.1301,0.0561,1.8577
839,6050,0.605,0.1301,0.056,1.8617
840,6060,0.606,0.1301,0.056,1.8627
841,6070,0.607,0.1301,0.0561,1.8628
842,6080,0.608,0.1301,0.0561,1.8637
843,6090,0.609,0.1301,0.0562,1.8653
844,6100,0.61,0.1301,0.0559,1.8725
845,6110,0.611,0.1301,0.056,1.8719
846,6120,0.612,0.1301,0.0559,1.8758
847,6130,0.613,0.1301,0.0562,1.8715
848,6140,0.614,0.1301,0.056,1.8766
849,6150,0.615,0.1301,0.056,1.8779
850,6160,0.616,0.1301,0.056,1.8803
851,6170,0.617,0.1301,0.0562,1.8814
852,6180,0.618,0.1301,0.0561,1.8835
853,6190,0.619,0.1301,0.056,1.8885
854,6200,0.62,0.1301,0.056,1.8888
855,6210,0.621,0.1302,0.056,1.8894
856,6220,0.622,0.1302,0.0561,1.8908
857,6230,0.623,0.1301,0.056,1.8953
858,6240,0.624,0.1302,0.0562,1.8931
859,6250,0.625,0.1302,0.056,1.8979
860,6260,0.626,0.1302,0.0561,1.8978
861,6270,0.627,0.1301,0.056,1.9011
862,6280,0.628,0.1301,0.056,1.9022
863,6290,0.629,0.1302,0.0562,1.9011
864,6300,0.63,0.1302,0.0561,1.9065
865,6310,0.631,0.1301,0.056,1.9078
866,6320,0.632,0.1301,0.0559,1.9118
867,6330,0.633,0.1301,0.056,1.9128
868,6340,0.634,0.1301,0.056,1.9167
869,6350,0.635,0.1302,0.0561,1.915
870,6360,0.636,0.1301,0.056,1.9188
871,6370,0.637,0.1302,0.056,1.9199
872,6380,0.638,0.1302,0.0559,1.924
873,6390,0.639,0.1302,0.0561,1.9221
874,6400,0.64,0.1302,0.056,1.9253
875,6410,0.641,0.1302,0.056,1.9279
876,6420,0.642,0.1302,0.056,1.9283
877,6430,0.643,0.1302,0.0559,1.9322
878,6440,0.644,0.1302,0.0559,1.9359
879,6450,0.645,0.1302,0.0559,1.9342
880,6460,0.646,0.1302,0.056,1.935
881,6470,0.647,0.1302,0.056,1.9392
882,6480,0.648,0.1302,0.0559,1.942
883,6490,0.649,0.1302,0.056,1.9408
884,6500,0.65,0.1302,0.056,1.9423
885,6510,0.651,0.1302,0.056,1.945
886,6520,0.652,0.1302,0.056,1.9451
887,6530,0.653,0.1302,0.056,1.9475
888,6540,0.654,0.1302,0.056,1.9497
889,6550,0.655,0.1302,0.056,1.9526
890,6560,0.656,0.1302,0.0562,1.9492
891,6570,0.657,0.1302,0.0561,1.9517
892,6580,0.658,0.1302,0.0561,1.9542
893,6590,0.659,0.1302,0.0559,1.961
894,6600,0.66,0.1302,0.0561,1.9597
895,6610,0.661,0.1302,0.0559,1.9649
896,6620,0.662,0.1302,0.056,1.963
897,6630,0.663,0.1302,0.056,1.9672
898,6640,0.664,0.1302,0.0561,1.9663
899,6650,0.665,0.1302,0.0561,1.9678
900,6660,0.666,0.1302,0.056,1.9725
901,6670,0.667,0.1302,0.0562,1.9696
902,6680,0.668,0.1302,0.0562,1.9724
903,6690,0.669,0.1302,0.056,1.9791
904,6700,0.67,0.1303,0.0562,1.9744
905,6710,0.671,0.1302,0.0561,1.9789
906,6720,0.672,0.1302,0.0561,1.9817
907,6730,0.673,0.1302,0.0562,1.9816
908,6740,0.674,0.1302,0.056,1.9861
909,6750,0.675,0.1302,0.056,1.9864
910,6760,0.676,0.1302,0.056,1.9897
911,6770,0.677,0.1302,0.0561,1.9892
912,6780,0.678,0.1302,0.0562,1.9883
913,6790,0.679,0.1302,0.056,1.9951
914,6800,0.68,0.1302,0.0561,1.9945
915,6810,0.681,0.1302,0.056,1.9973
916,6820,0.682,0.1302,0.056,1.9995
917,6830,0.683,0.1302,0.056,2.0004
918,6840,0.684,0.1302,0.0562,2.0012
919,6850,0.685,0.1303,0.056,2.0063
920,6860,0.686,0.1302,0.0562,2.0047
921,6870,0.687,0.1302,0.056,2.0081
922,6880,0.688,0.1302,0.056,2.013
923,6890,0.689,0.1302,0.056,2.0121
924,6900,0.69,0.1302,0.0559,2.0157
925,6910,0.691,0.1302,0.0561,2.0132
926,6920,0.692,0.1302,0.0561,2.0151
927,6930,0.693,0.1302,0.0561,2.0196
928,6940,0.694,0.1302,0.056,2.0215
929,6950,0.695,0.1302,0.056,2.0229
930,6960,0.696,0.1302,0.0561,2.0216
931,6970,0.697,0.1302,0.0562,2.0226
932,6980,0.698,0.1302,0.0561,2.0274
933,6990,0.699,0.1302,0.056,2.0293
934,7000,0.7,0.1303,0.0563,2.0261
935,7010,0.701,0.1302,0.056,2.0348
936,7020,0.702,0.1302,0.056,2.0346
937,7030,0.703,0.1302,0.056,2.0352
938,7040,0.704,0.1302,0.0561,2.0347
939,7050,0.705,0.1302,0.0562,2.0369
940,7060,0.706,0.1302,0.0562,2.0395
941,7070,0.707,0.1303,0.0562,2.0383
942,7080,0.708,0.1303,0.0562,2.0418
943,7090,0.709,0.1302,0.0561,2.0446
944,7100,0.71,0.1302,0.0562,2.045
945,7110,0.711,0.1302,0.0561,2.0488
946,7120,0.712,0.1302,0.0562,2.0479
947,7130,0.713,0.1302,0.0559,2.0554
948,7140,0.714,0.1302,0.0561,2.0528
949,7150,0.715,0.1302,0.0562,2.0531
950,7160,0.716,0.1302,0.0561,2.056
951,7170,0.717,0.1303,0.0562,2.0546
952,7180,0.718,0.1302,0.0562,2.0595
953,7190,0.719,0.1302,0.0561,2.063
954,7200,0.72,0.1302,0.056,2.0652
955,7210,0.721,0.1302,0.056,2.0682
956,7220,0.722,0.1303,0.0562,2.0637
957,7230,0.723,0.1302,0.0561,2.0679
958,7240,0.724,0.1303,0.0562,2.0683
959,7250,0.725,0.1303,0.0561,2.0714
960,7260,0.726,0.1302,0.0563,2.0712
961,7270,0.727,0.1302,0.056,2.0769
962,7280,0.728,0.1303,0.0562,2.075
963,7290,0.729,0.1302,0.0561,2.0777
964,7300,0.73,0.1302,0.0561,2.0806
965,7310,0.731,0.1303,0.0562,2.0791
966,7320,0.732,0.1302,0.0561,2.0833
967,7330,0.733,0.1303,0.0562,2.083
968,7340,0.734,0.1303,0.056,2.0869
969,7350,0.735,0.1303,0.0563,2.0849
970,7360,0.736,0.1302,0.0561,2.0883
971,7370,0.737,0.1303,0.0562,2.0885
972,7380,0.738,0.1303,0.0562,2.092
973,7390,0.739,0.1302,0.0561,2.0961
974,7400,0.74,0.1302,0.0561,2.0968
975,7410,0.741,0.1303,0.0563,2.0955
976,7420,0.742,0.1303,0.0562,2.0978
977,7430,0.743,0.1302,0.0562,2.0971
978,7440,0.744,0.1302,0.0562,2.1012
979,7450,0.745,0.1303,0.0561,2.1041
980,7460,0.746,0.1302,0.0561,2.1073
981,7470,0.747,0.1303,0.0563,2.1046
982,7480,0.748,0.1303,0.0562,2.1079
983,7490,0.749,0.1302,0.0561,2.1107
984,7500,0.75,0.1303,0.0563,2.1079
985,7510,0.751,0.1303,0.0562,2.1147
986,7520,0.752,0.1302,0.0562,2.1196
987,7530,0.753,0.1303,0.0562,2.1203
988,7540,0.754,0.1303,0.0563,2.1201
989,7550,0.755,0.1303,0.0563,2.1219
990,7560,0.756,0.1303,0.0562,2.1273
991,7570,0.757,0.1302,0.0562,2.1286
992,7580,0.758,0.1303,0.0561,2.1312
993,7590,0.759,0.1303,0.0563,2.127
994,7600,0.76,0.1303,0.0563,2.1293
995,7610,0.761,0.1303,0.0562,2.1334
996,7620,0.762,0.1303,0.0564,2.1323
997,7630,0.763,0.1303,0.0563,2.1356
998,7640,0.764,0.1303,0.056,2.1424
999,7650,0.765,0.1303,0.0562,2.1398
1000,7660,0.766,0.1303,0.0562,2.1395
1001,7670,0.767,0.1303,0.0562,2.1415
1002,7680,0.768,0.1303,0.0561,2.1464
1003,7690,0.769,0.1303,0.0563,2.1436
1004,7700,0.77,0.1303,0.0561,2.15
1005,7710,0.771,0.1303,0.0563,2.1479
1006,7720,0.772,0.1303,0.0563,2.1499
1007,7730,0.773,0.1303,0.0562,2.1518
1008,7740,0.774,0.1303,0.0562,2.1546
1009,7750,0.775,0.1303,0.0563,2.1521
1010,7760,0.776,0.1302,0.0561,2.1591
1011,7770,0.777,0.1303,0.0562,2.1594
1012,7780,0.778,0.1304,0.0564,2.1566
1013,7790,0.779,0.1303,0.0563,2.1612
1014,7800,0.78,0.1302,0.0562,2.1629
1015,7810,0.781,0.1302,0.0562,2.1644
1016,7820,0.782,0.1303,0.0562,2.1657
1017,7830,0.783,0.1303,0.0562,2.1658
1018,7840,0.784,0.1303,0.0562,2.1691
1019,7850,0.785,0.1303,0.0563,2.1679
1020,7860,0.786,0.1303,0.0562,2.172
1021,7870,0.787,0.1302,0.0562,2.1744
1022,7880,0.788,0.1303,0.0562,2.1747
1023,7890,0.789,0.1303,0.0562,2.1768
1024,7900,0.79,0.1303,0.0562,2.1768
1025,7910,0.791,0.1303,0.0563,2.1769
1026,7920,0.792,0.1303,0.0561,2.1828
1027,7930,0.793,0.1303,0.0563,2.181
1028,7940,0.794,0.1303,0.0563,2.183
1029,7950,0.795,0.1303,0.0561,2.1882
1030,7960,0.796,0.1303,0.0562,2.1875
1031,7970,0.797,0.1303,0.0563,2.1857
1032,7980,0.798,0.1303,0.0563,2.1884
1033,7990,0.799,0.1303,0.0561,2.192
1034,8000,0.8,0.1303,0.0563,2.1887
1035,8010,0.801,0.1303,0.0563,2.1911
1036,8020,0.802,0.1304,0.0562,2.1957
1037,8030,0.803,0.1303,0.0565,2.1916
1038,8040,0.804,0.1303,0.0563,2.1968
1039,8050,0.805,0.1303,0.0562,2.1991
1040,8060,0.806,0.1303,0.0562,2.2028
1041,8070,0.807,0.1303,0.0563,2.2026
1042,8080,0.808,0.1303,0.0563,2.2018
1043,8090,0.809,0.1303,0.0563,2.203
1044,8100,0.81,0.1303,0.0563,2.2056
1045,8110,0.811,0.1303,0.0564,2.2042
1046,8120,0.812,0.1303,0.0564,2.2063
1047,8130,0.813,0.1303,0.0565,2.2041
1048,8140,0.814,0.1303,0.0563,2.2105
1049,8150,0.815,0.1303,0.0563,2.2104
1050,8160,0.816,0.1304,0.0564,2.2114
1051,8170,0.817,0.1303,0.0562,2.2172
1052,8180,0.818,0.1303,0.0563,2.2177
1053,8190,0.819,0.1303,0.0563,2.2164
1054,8200,0.82,0.1303,0.0564,2.2147
1055,8210,0.821,0.1303,0.0562,2.2216
1056,8220,0.822,0.1304,0.0565,2.2161
1057,8230,0.823,0.1303,0.0563,2.2231
1058,8240,0.824,0.1303,0.0565,2.2195
1059,8250,0.825,0.1302,0.0562,2.228
1060,8260,0.826,0.1303,0.0563,2.2276
1061,8270,0.827,0.1303,0.0565,2.2236
1062,8280,0.828,0.1303,0.0562,2.2299
1063,8290,0.829,0.1303,0.0565,2.2264
1064,8300,0.83,0.1303,0.0562,2.2323
1065,8310,0.831,0.1303,0.0563,2.2338
1066,8320,0.832,0.1303,0.0564,2.2329
1067,8330,0.833,0.1304,0.0564,2.2343
1068,8340,0.834,0.1303,0.0562,2.2407
1069,8350,0.835,0.1303,0.0565,2.2352
1070,8360,0.836,0.1303,0.0564,2.2388
1071,8370,0.837,0.1303,0.0564,2.2404
1072,8380,0.838,0.1303,0.0563,2.2416
1073,8390,0.839,0.1303,0.0565,2.2394
1074,8400,0.84,0.1303,0.0564,2.244
1075,8410,0.841,0.1303,0.0563,2.248
1076,8420,0.842,0.1303,0.0565,2.2437
1077,8430,0.843,0.1303,0.0564,2.2477
1078,8440,0.844,0.1303,0.0564,2.2488
1079,8450,0.845,0.1304,0.0562,2.2536
1080,8460,0.846,0.1303,0.0563,2.2543
1081,8470,0.847,0.1303,0.0565,2.2493
1082,8480,0.848,0.1303,0.0566,2.2492
1083,8490,0.849,0.1302,0.0564,2.2553
1084,8500,0.85,0.1303,0.0564,2.2555
1085,8510,0.851,0.1303,0.0564,2.2576
1086,8520,0.852,0.1303,0.0565,2.2571
1087,8530,0.853,0.1303,0.0565,2.2583
1088,8540,0.854,0.1303,0.0564,2.2607
1089,8550,0.855,0.1302,0.0564,2.2616
1090,8560,0.856,0.1305,0.0567,2.2544
1091,8570,0.857,0.1304,0.0566,2.2576
1092,8580,0.858,0.1304,0.0567,2.2571
1093,8590,0.859,0.1303,0.0562,2.2711
1094,8600,0.86,0.1303,0.0564,2.2691
1095,8610,0.861,0.1303,0.0566,2.2649
1096,8620,0.862,0.1302,0.0563,2.2724
1097,8630,0.863,0.1304,0.0565,2.2676
1098,8640,0.864,0.1303,0.0564,2.2735
1099,8650,0.865,0.1304,0.0567,2.2678
1100,8660,0.866,0.1303,0.0563,2.2759
1101,8670,0.867,0.1303,0.0563,2.276
1102,8680,0.868,0.1303,0.0565,2.2746
1103,8690,0.869,0.1305,0.0567,2.2699
1104,8700,0.87,0.1304,0.0567,2.2737
1105,8710,0.871,0.1303,0.0565,2.2795
1106,8720,0.872,0.1303,0.0565,2.2801
1107,8730,0.873,0.1303,0.0564,2.2842
1108,8740,0.874,0.1304,0.0567,2.277
1109,8750,0.875,0.1304,0.0564,2.284
1110,8760,0.876,0.1304,0.0565,2.2841
1111,8770,0.877,0.1303,0.0566,2.2808
1112,8780,0.878,0.1303,0.0564,2.2862
1113,8790,0.879,0.1304,0.0565,2.2876
1114,8800,0.88,0.1303,0.0563,2.2927
1115,8810,0.881,0.1303,0.0563,2.2937
1116,8820,0.882,0.1303,0.0565,2.2918
1117,8830,0.883,0.1305,0.0565,2.291
1118,8840,0.884,0.1304,0.0565,2.2911
1119,8850,0.885,0.1304,0.0565,2.2903
1120,8860,0.886,0.1304,0.0564,2.2965
1121,8870,0.887,0.1303,0.0565,2.2942
1122,8880,0.888,0.1304,0.0566,2.2937
1123,8890,0.889,0.1304,0.0564,2.2983
1124,8900,0.89,0.1303,0.0565,2.2979
1125,8910,0.891,0.1304,0.0563,2.3021
1126,8920,0.892,0.1303,0.0564,2.3028
1127,8930,0.893,0.1303,0.0565,2.302
1128,8940,0.894,0.1303,0.0563,2.3068
1129,8950,0.895,0.1303,0.0565,2.3019
1130,8960,0.896,0.1303,0.0565,2.304
1131,8970,0.897,0.1303,0.0563,2.3078
1132,8980,0.898,0.1303,0.0565,2.3074
1133,8990,0.899,0.1304,0.0566,2.3042
1134,9000,0.9,0.1304,0.0565,2.3059
1135,9010,0.901,0.1304,0.0564,2.3109
1136,9020,0.902,0.1303,0.0565,2.3114
1137,9030,0.903,0.1303,0.0565,2.312
1138,9040,0.904,0.1303,0.0565,2.3106
1139,9050,0.905,0.1304,0.0564,2.3148
1140,9060,0.906,0.1303,0.0564,2.3161
1141,9070,0.907,0.1303,0.0564,2.3158
1142,9080,0.908,0.1303,0.0566,2.3124
1143,9090,0.909,0.1303,0.0565,2.3132
1144,9100,0.91,0.1304,0.0565,2.3154
1145,9110,0.911,0.1304,0.0567,2.3131
1146,9120,0.912,0.1303,0.0564,2.3181
1147,9130,0.913,0.1303,0.0564,2.3203
1148,9140,0.914,0.1306,0.0569,2.3107
1149,9150,0.915,0.1304,0.0567,2.3157
1150,9160,0.916,0.1303,0.0563,2.3253
1151,9170,0.917,0.1304,0.0567,2.3191
1152,9180,0.918,0.1303,0.0564,2.3278
1153,9190,0.919,0.1303,0.0564,2.3276
1154,9200,0.92,0.1303,0.0566,2.3239
1155,9210,0.921,0.1303,0.0565,2.3277
1156,9220,0.922,0.1305,0.0567,2.3229
1157,9230,0.923,0.1304,0.0566,2.3253
1158,9240,0.924,0.1302,0.0563,2.3331
1159,9250,0.925,0.1303,0.0564,2.3304
1160,9260,0.926,0.1304,0.0567,2.3252
1161,9270,0.927,0.1303,0.0566,2.3312
1162,9280,0.928,0.1304,0.0569,2.3248
1163,9290,0.929,0.1304,0.0565,2.3345
1164,9300,0.93,0.1304,0.0566,2.3313
1165,9310,0.931,0.1303,0.0566,2.3338
1166,9320,0.932,0.1304,0.0566,2.3337
1167,9330,0.933,0.1302,0.0565,2.3375
1168,9340,0.934,0.1304,0.0566,2.3357
1169,9350,0.935,0.1304,0.0568,2.3304
1170,9360,0.936,0.1303,0.0565,2.3365
1171,9370,0.937,0.1305,0.0565,2.3392
1172,9380,0.938,0.1303,0.0563,2.3448
1173,9390,0.939,0.1305,0.0566,2.3371
1174,9400,0.94,0.1303,0.0563,2.3433
1175,9410,0.941,0.1303,0.0566,2.3388
1176,9420,0.942,0.1302,0.0563,2.3477
1177,9430,0.943,0.1304,0.0566,2.3396
1178,9440,0.944,0.1303,0.0566,2.342
1179,9450,0.945,0.1303,0.0567,2.3411
1180,9460,0.946,0.1304,0.0565,2.3447
1181,9470,0.947,0.1304,0.0566,2.3449
1182,9480,0.948,0.1303,0.0565,2.3477
1183,9490,0.949,0.1306,0.0569,2.3385
1184,9500,0.95,0.1303,0.0565,2.3494
1185,9510,0.951,0.1302,0.0563,2.352
1186,9520,0.952,0.1303,0.0566,2.3456
1187,9530,0.953,0.1302,0.0565,2.3507
1188,9540,0.954,0.1305,0.0568,2.3436
1189,9550,0.955,0.1302,0.0563,2.3567
1190,9560,0.956,0.1303,0.0564,2.3534
1191,9570,0.957,0.1303,0.0565,2.3529
1192,9580,0.958,0.1305,0.0567,2.3466
1193,9590,0.959,0.1303,0.0565,2.3545
1194,9600,0.96,0.1303,0.0566,2.3526
1195,9610,0.961,0.1305,0.0568,2.349
1196,9620,0.962,0.1303,0.0566,2.3553
1197,9630,0.963,0.1303,0.0565,2.3566
1198,9640,0.964,0.1303,0.0566,2.3537
1199,9650,0.965,0.1303,0.0568,2.3499
1200,9660,0.966,0.1304,0.0569,2.3496
1201,9670,0.967,0.1303,0.0566,2.3565
1202,9680,0.968,0.1303,0.0566,2.3571
1203,9690,0.969,0.1306,0.0569,2.3492
1204,9700,0.97,0.1305,0.0568,2.3541
1205,9710,0.971,0.1303,0.0565,2.3629
1206,9720,0.972,0.1303,0.0565,2.3639
1207,9730,0.973,0.1304,0.0566,2.3595
1208,9740,0.974,0.1303,0.0566,2.3601
1209,9750,0.975,0.1303,0.0565,2.3636
1210,9760,0.976,0.1303,0.0567,2.3594
1211,9770,0.977,0.1304,0.0567,2.3592
1212,9780,0.978,0.1303,0.0567,2.3596
1213,9790,0.979,0.1303,0.0564,2.3677
1214,9800,0.98,0.1304,0.0567,2.3609
1215,9810,0.981,0.1304,0.0567,2.3621
1216,9820,0.982,0.1304,0.0565,2.3643
1217,9830,0.983,0.1304,0.0567,2.3616
1218,9840,0.984,0.1302,0.0565,2.3653
1219,9850,0.985,0.1303,0.0565,2.3696
1220,9860,0.986,0.1303,0.0569,2.3612
1221,9870,0.987,0.1303,0.0567,2.3658
1222,9880,0.988,0.1304,0.0567,2.3665
1223,9890,0.989,0.1304,0.0569,2.3619
1224,9900,0.99,0.1303,0.0566,2.3694
1225,9910,0.991,0.1305,0.0567,2.3661
1226,9920,0.992,0.1303,0.0565,2.3737
1227,9930,0.993,0.1303,0.0565,2.3723
1228,9940,0.994,0.1303,0.0564,2.3752
1229,9950,0.995,0.1304,0.0567,2.3687
1230,9960,0.996,0.1304,0.0567,2.3695
1231,9970,0.997,0.1303,0.0565,2.3745
1232,9980,0.998,0.1302,0.0565,2.3744
1233,9990,0.999,0.1303,0.0564,2.3755
1234,10000,1,0.1303,0.0566,2.3721
