Index,PctInt*100,Lumens,x,y
1,0,1.61E-08,0,0
2,3,0.022328,0.6864,0.3134
3,6,0.020979,0.6869,0.313
4,9,0.02235,0.6866,0.3128
5,12,0.022252,0.6869,0.313
6,15,0.024186,0.6869,0.3129
7,18,0.027466,0.6866,0.3132
8,21,0.028766,0.6864,0.3134
9,24,0.030295,0.6861,0.3136
10,27,0.033292,0.6868,0.313
11,30,0.034778,0.6866,0.3132
12,33,0.038846,0.6868,0.3131
13,36,0.042113,0.6865,0.3133
14,39,0.045579,0.6869,0.3129
15,42,0.047159,0.6863,0.3136
16,45,0.051002,0.6862,0.3132
17,48,0.05536,0.6868,0.3131
18,51,0.055764,0.6867,0.3131
19,54,0.058813,0.6865,0.3134
20,57,0.063438,0.6864,0.3134
21,60,0.06633,0.6865,0.3133
22,63,0.068448,0.6866,0.3133
23,66,0.071901,0.6866,0.3132
24,69,0.07385,0.6866,0.3133
25,72,0.075958,0.6864,0.3134
26,75,0.079982,0.6861,0.3136
27,78,0.082946,0.6865,0.3133
28,81,0.085591,0.6864,0.3133
29,84,0.087108,0.6867,0.3133
30,87,0.091091,0.6865,0.3134
31,90,0.093689,0.6866,0.3133
32,93,0.095159,0.6864,0.3132
33,96,0.10058,0.6868,0.3132
34,99,0.10321,0.6867,0.3131
35,102,0.1053,0.6866,0.3133
36,105,0.10797,0.6866,0.3133
37,108,0.11106,0.6867,0.3132
38,111,0.11544,0.6867,0.3133
39,114,0.1181,0.6866,0.3132
40,117,0.12228,0.6867,0.3131
41,120,0.13024,0.6868,0.3131
42,123,0.1368,0.6864,0.3133
43,126,0.13943,0.6866,0.3131
44,129,0.15776,0.6867,0.3132
45,132,0.15824,0.6864,0.3131
46,135,0.17214,0.6869,0.3129
47,138,0.17777,0.6867,0.3131
48,141,0.17798,0.6868,0.3131
49,144,0.17637,0.6868,0.3131
50,147,0.17751,0.6868,0.313
51,150,0.18066,0.6867,0.3131
52,153,0.18353,0.687,0.313
53,156,0.18425,0.6867,0.3131
54,159,0.18953,0.6867,0.3132
55,162,0.1919,0.6869,0.313
56,165,0.19494,0.6869,0.313
57,168,0.19725,0.6868,0.3131
58,171,0.20227,0.6866,0.3132
59,174,0.20624,0.6869,0.3129
60,177,0.20847,0.6869,0.313
61,180,0.21061,0.6868,0.313
62,183,0.21545,0.6869,0.313
63,186,0.21776,0.6867,0.3131
64,189,0.22043,0.6868,0.313
65,192,0.22304,0.6868,0.313
66,195,0.22585,0.6869,0.313
67,198,0.23093,0.6868,0.3131
68,201,0.23245,0.6868,0.313
69,204,0.23783,0.6868,0.3131
70,207,0.23935,0.6869,0.313
71,210,0.24053,0.6868,0.313
72,213,0.24715,0.6869,0.3129
73,216,0.24986,0.6871,0.3127
74,219,0.25208,0.6869,0.3129
75,222,0.25766,0.6866,0.3132
76,225,0.2593,0.6868,0.313
77,228,0.26064,0.687,0.3129
78,231,0.26327,0.687,0.3129
79,234,0.26882,0.6868,0.313
80,237,0.26977,0.6869,0.313
81,240,0.27217,0.6867,0.3131
82,243,0.27903,0.6869,0.3129
83,246,0.28229,0.6869,0.3129
84,249,0.28318,0.6867,0.3131
85,252,0.288,0.6869,0.3129
86,255,0.29166,0.6869,0.313
87,258,0.29438,0.687,0.3128
88,261,0.29643,0.6869,0.3129
89,264,0.30054,0.6868,0.3131
90,267,0.30222,0.6869,0.313
91,270,0.30823,0.6869,0.3129
92,273,0.31052,0.6869,0.3128
93,276,0.31192,0.6869,0.3129
94,279,0.31433,0.6868,0.3131
95,282,0.31888,0.6869,0.3129
96,285,0.32148,0.6869,0.313
97,288,0.32429,0.6871,0.3127
98,291,0.32752,0.687,0.3125
99,294,0.3308,0.6869,0.313
100,297,0.33438,0.6871,0.3128
101,300,0.33816,0.6871,0.3127
102,303,0.34343,0.6871,0.3127
103,306,0.34544,0.6872,0.3126
104,309,0.34677,0.6869,0.3126
105,312,0.3475,0.687,0.3128
106,315,0.35219,0.687,0.3128
107,318,0.35421,0.6873,0.3126
108,321,0.35958,0.687,0.3128
109,324,0.36191,0.687,0.3128
110,327,0.36473,0.687,0.3129
111,330,0.36748,0.6871,0.3127
112,333,0.371,0.687,0.3128
113,336,0.37508,0.6871,0.3127
114,339,0.37925,0.6868,0.3129
115,342,0.38316,0.6872,0.3126
116,345,0.38655,0.6871,0.3127
117,348,0.3895,0.6871,0.3128
118,351,0.39,0.6872,0.3126
119,354,0.39075,0.6871,0.3128
120,357,0.39555,0.6871,0.3128
121,360,0.39693,0.687,0.3126
122,363,0.40241,0.6872,0.3127
123,366,0.405,0.6872,0.3126
124,369,0.40706,0.6871,0.3127
125,372,0.41181,0.6872,0.3127
126,375,0.41515,0.6873,0.3126
127,378,0.41719,0.687,0.3128
128,381,0.41895,0.6872,0.3126
129,384,0.4249,0.6871,0.3127
130,387,0.42742,0.6872,0.3126
131,390,0.42974,0.687,0.3129
132,393,0.43189,0.6871,0.3127
133,396,0.43599,0.6871,0.3128
134,399,0.43901,0.6869,0.313
135,402,0.44431,0.687,0.3128
136,405,0.44528,0.6872,0.3126
137,408,0.44628,0.687,0.3128
138,411,0.45207,0.6872,0.3127
139,414,0.45394,0.6869,0.3129
140,417,0.45694,0.6872,0.3127
141,420,0.46021,0.6871,0.3127
142,423,0.46223,0.6871,0.3128
143,426,0.46431,0.687,0.3128
144,429,0.46846,0.687,0.3129
145,432,0.47149,0.6869,0.3129
146,435,0.47335,0.6872,0.3127
147,438,0.47696,0.6869,0.3129
148,441,0.48123,0.687,0.3129
149,444,0.48178,0.6872,0.3127
150,447,0.48492,0.6871,0.3127
151,450,0.49134,0.6869,0.3127
152,453,0.49327,0.6872,0.3126
153,456,0.49486,0.6873,0.3126
154,459,0.49816,0.6872,0.3127
155,462,0.50392,0.687,0.3128
156,465,0.50602,0.6872,0.3127
157,468,0.50818,0.6871,0.3127
158,471,0.51501,0.6871,0.3127
159,474,0.51774,0.687,0.3127
160,477,0.51854,0.6871,0.3128
161,480,0.52009,0.6872,0.3126
162,483,0.5212,0.687,0.3128
163,486,0.5242,0.6871,0.3127
164,489,0.52901,0.687,0.3129
165,492,0.53234,0.6873,0.3125
166,495,0.53515,0.6872,0.3126
167,498,0.53829,0.6871,0.3128
168,501,0.54313,0.6871,0.3127
169,504,0.5443,0.6873,0.3126
170,507,0.55025,0.6872,0.3126
171,510,0.55147,0.6873,0.3126
172,513,0.55333,0.6869,0.3129
173,516,0.55877,0.687,0.3127
174,519,0.56326,0.6872,0.3126
175,522,0.56473,0.687,0.3126
176,525,0.56733,0.6869,0.3126
177,528,0.5685,0.6871,0.3127
178,531,0.57227,0.687,0.3127
179,534,0.57611,0.6872,0.3128
180,537,0.5772,0.6871,0.3128
181,540,0.58132,0.6873,0.3125
182,543,0.58558,0.6872,0.3127
183,546,0.58852,0.6872,0.3126
184,549,0.59032,0.6872,0.3127
185,552,0.59362,0.6872,0.3127
186,555,0.59666,0.6872,0.3126
187,558,0.60228,0.6873,0.3125
188,561,0.60461,0.6871,0.3127
189,564,0.6066,0.6871,0.3128
190,567,0.6126,0.6872,0.3126
191,570,0.61878,0.6873,0.3125
192,573,0.61991,0.6873,0.3124
193,576,0.61971,0.6873,0.3125
194,579,0.62102,0.6873,0.3126
195,582,0.62147,0.6873,0.3125
196,585,0.62235,0.6871,0.3126
197,588,0.62453,0.6871,0.3127
198,591,0.62942,0.6871,0.3127
199,594,0.63265,0.6871,0.3127
200,597,0.63709,0.6873,0.3125
201,600,0.64148,0.6872,0.3126
202,603,0.64379,0.6869,0.3126
203,606,0.64543,0.6872,0.3126
204,609,0.65104,0.6875,0.3123
205,612,0.65389,0.6876,0.3122
206,615,0.65646,0.6873,0.3125
207,618,0.65937,0.6873,0.3123
208,621,0.663,0.6874,0.3125
209,624,0.66641,0.6877,0.3121
210,627,0.66927,0.6875,0.3123
211,630,0.67335,0.6876,0.3123
212,633,0.67477,0.6876,0.3123
213,636,0.67808,0.6876,0.3122
214,639,0.68191,0.6876,0.3123
215,642,0.6851,0.6873,0.3123
216,645,0.6898,0.6876,0.3122
217,648,0.69377,0.6875,0.3124
218,651,0.69659,0.6875,0.3123
219,654,0.69984,0.6876,0.3122
220,657,0.70172,0.6877,0.3122
221,660,0.70242,0.6876,0.3123
222,663,0.70465,0.6875,0.3123
223,666,0.70902,0.6876,0.3123
224,669,0.71415,0.6875,0.3123
225,672,0.71691,0.6874,0.3124
226,675,0.72178,0.6875,0.3124
227,678,0.72348,0.6876,0.3123
228,681,0.72567,0.6877,0.3122
229,684,0.72821,0.6877,0.3121
230,687,0.73236,0.6875,0.3124
231,690,0.73417,0.6876,0.3123
232,693,0.73648,0.6876,0.3122
233,696,0.73664,0.6875,0.3124
234,699,0.73725,0.6875,0.3123
235,702,0.74586,0.6876,0.3122
236,705,0.74879,0.6877,0.3121
237,708,0.75324,0.6875,0.3123
238,711,0.76019,0.6877,0.3122
239,714,0.76355,0.6875,0.3123
240,717,0.76679,0.6876,0.3123
241,720,0.76746,0.6874,0.3124
242,723,0.7682,0.6875,0.3123
243,726,0.76849,0.6876,0.3122
244,729,0.76913,0.6875,0.3123
245,732,0.76851,0.6876,0.3123
246,735,0.76882,0.6874,0.3124
247,738,0.77312,0.6877,0.3121
248,741,0.77518,0.6875,0.3125
249,744,0.77948,0.6876,0.3123
250,747,0.78434,0.6877,0.3123
251,750,0.78737,0.6876,0.3122
252,753,0.79001,0.6875,0.3124
253,756,0.79626,0.6876,0.3122
254,759,0.79932,0.6874,0.3124
255,762,0.80193,0.6876,0.3122
256,765,0.80637,0.6875,0.3123
257,768,0.80942,0.6875,0.3123
258,771,0.81172,0.6874,0.3124
259,774,0.81396,0.6875,0.3123
260,777,0.81656,0.6875,0.3123
261,780,0.81829,0.6875,0.3123
262,783,0.81991,0.6877,0.3121
263,786,0.82304,0.6876,0.3122
264,789,0.82579,0.6876,0.3123
265,792,0.82773,0.6874,0.3124
266,795,0.82832,0.6874,0.3124
267,798,0.82865,0.6875,0.3124
268,801,0.83046,0.6873,0.3125
269,804,0.83287,0.6877,0.3121
270,807,0.83809,0.6876,0.3122
271,810,0.84067,0.6876,0.3123
272,813,0.84319,0.6876,0.3122
273,816,0.84579,0.6874,0.3124
274,819,0.84829,0.6874,0.3123
275,822,0.84987,0.6878,0.3121
276,825,0.85378,0.6875,0.3123
277,828,0.85523,0.6877,0.3121
278,831,0.8585,0.6875,0.3121
279,834,0.86345,0.6876,0.3123
280,837,0.86648,0.6875,0.3123
281,840,0.86903,0.6875,0.3123
282,843,0.87168,0.6876,0.3123
283,846,0.87547,0.6876,0.3123
284,849,0.87654,0.6875,0.3121
285,852,0.8798,0.6876,0.3122
286,855,0.88379,0.6877,0.3122
287,858,0.88569,0.6875,0.3123
288,861,0.88946,0.6878,0.3121
289,864,0.89184,0.6875,0.3122
290,867,0.8932,0.6876,0.3122
291,870,0.89768,0.6875,0.3123
292,873,0.89954,0.6876,0.3122
293,876,0.90259,0.6875,0.3123
294,879,0.90533,0.6877,0.3121
295,882,0.90709,0.6874,0.3122
296,885,0.9121,0.6877,0.3122
297,888,0.9142,0.6877,0.3121
298,891,0.91725,0.6877,0.3122
299,894,0.92029,0.6877,0.3121
300,897,0.9248,0.6877,0.3122
301,900,0.92662,0.6877,0.3122
302,903,0.93109,0.6875,0.3123
303,906,0.93311,0.6875,0.3123
304,909,0.93573,0.6876,0.3123
305,912,0.93851,0.6876,0.3123
306,915,0.94344,0.6877,0.3122
307,918,0.94661,0.6877,0.3122
308,921,0.94684,0.6876,0.3121
309,924,0.94758,0.6877,0.3122
310,927,0.94979,0.6875,0.3121
311,930,0.95593,0.6876,0.3122
312,933,0.96338,0.6876,0.3123
313,936,0.96578,0.6878,0.3121
314,939,0.96768,0.6877,0.3122
315,942,0.9691,0.6876,0.3122
316,945,0.97058,0.6876,0.3121
317,948,0.97512,0.6876,0.3123
318,951,0.97712,0.6878,0.312
319,954,0.98032,0.6877,0.312
320,957,0.98321,0.6875,0.3123
321,960,0.9847,0.6877,0.3121
322,963,0.99208,0.6877,0.3121
323,966,1.0027,0.6878,0.3121
324,969,1.0064,0.6878,0.312
325,972,1.0077,0.6879,0.312
326,975,1.01,0.6877,0.3121
327,978,1.0101,0.6878,0.312
328,981,1.0106,0.6876,0.3122
329,984,1.0102,0.6876,0.312
330,987,1.0103,0.6876,0.3123
331,990,1.0105,0.6879,0.3119
332,993,1.0108,0.6878,0.3121
333,996,1.0097,0.6877,0.3122
334,999,1.0102,0.6878,0.312
335,1010,1.0261,0.6876,0.3122
336,1020,1.0366,0.6876,0.3123
337,1030,1.0442,0.6879,0.312
338,1040,1.0523,0.6878,0.312
339,1050,1.0606,0.6879,0.3121
340,1060,1.0699,0.6878,0.3121
341,1070,1.0797,0.6877,0.3121
342,1080,1.0862,0.688,0.3119
343,1090,1.0985,0.6879,0.312
344,1100,1.1083,0.6878,0.3121
345,1110,1.1155,0.6877,0.3121
346,1120,1.1306,0.6878,0.312
347,1130,1.1427,0.6879,0.312
348,1140,1.1524,0.6879,0.3119
349,1150,1.1608,0.688,0.3118
350,1160,1.1712,0.6879,0.3119
351,1170,1.1797,0.6878,0.312
352,1180,1.1887,0.6878,0.312
353,1190,1.1964,0.6879,0.3119
354,1200,1.2048,0.6879,0.3119
355,1210,1.2137,0.6879,0.312
356,1220,1.224,0.6879,0.3119
357,1230,1.2303,0.688,0.3118
358,1240,1.2394,0.6878,0.312
359,1250,1.2507,0.6877,0.312
360,1260,1.2618,0.6879,0.3119
361,1270,1.2687,0.6879,0.3119
362,1280,1.2777,0.6878,0.3121
363,1290,1.2878,0.6879,0.3119
364,1300,1.2949,0.6877,0.312
365,1310,1.3052,0.6879,0.3117
366,1320,1.3144,0.688,0.3119
367,1330,1.3232,0.6878,0.312
368,1340,1.3329,0.688,0.3119
369,1350,1.3414,0.6879,0.312
370,1360,1.3493,0.6878,0.3117
371,1370,1.3588,0.6878,0.312
372,1380,1.3688,0.688,0.3118
373,1390,1.3787,0.688,0.3119
374,1400,1.3907,0.6882,0.3116
375,1410,1.3914,0.6881,0.3117
376,1420,1.4023,0.6881,0.3117
377,1430,1.4123,0.6883,0.3116
378,1440,1.423,0.6881,0.3116
379,1450,1.4306,0.6882,0.3116
380,1460,1.4395,0.688,0.3116
381,1470,1.4474,0.6882,0.3117
382,1480,1.4578,0.6882,0.3117
383,1490,1.4646,0.688,0.3118
384,1500,1.478,0.6882,0.3117
385,1510,1.4829,0.6881,0.3117
386,1520,1.4883,0.6882,0.3116
387,1530,1.502,0.6882,0.3117
388,1540,1.5111,0.688,0.3118
389,1550,1.5182,0.6882,0.3116
390,1560,1.5262,0.6882,0.3117
391,1570,1.538,0.6881,0.3117
392,1580,1.5451,0.6882,0.3116
393,1590,1.5546,0.6882,0.3116
394,1600,1.5643,0.688,0.3118
395,1610,1.5724,0.6881,0.3117
396,1620,1.5799,0.6883,0.3115
397,1630,1.5896,0.6881,0.3117
398,1640,1.5955,0.6881,0.3117
399,1650,1.606,0.6881,0.3117
400,1660,1.6195,0.6884,0.3115
401,1670,1.6321,0.6881,0.3117
402,1680,1.6417,0.6882,0.3116
403,1690,1.6517,0.6883,0.3115
404,1700,1.6609,0.6881,0.3118
405,1710,1.6682,0.6883,0.3115
406,1720,1.6771,0.6882,0.3117
407,1730,1.6854,0.6883,0.3116
408,1740,1.6931,0.6882,0.3116
409,1750,1.7011,0.6882,0.3116
410,1760,1.7119,0.6883,0.3116
411,1770,1.7209,0.6882,0.3117
412,1780,1.729,0.6883,0.3115
413,1790,1.7388,0.6883,0.3115
414,1800,1.7448,0.6882,0.3116
415,1810,1.7536,0.6883,0.3116
416,1820,1.7644,0.6884,0.3115
417,1830,1.7725,0.6885,0.3114
418,1840,1.7839,0.6883,0.3115
419,1850,1.7924,0.6884,0.3115
420,1860,1.8035,0.688,0.3119
421,1870,1.8092,0.6884,0.3115
422,1880,1.8096,0.6884,0.3114
423,1890,1.8237,0.6884,0.3115
424,1900,1.8352,0.6884,0.3114
425,1910,1.8466,0.6885,0.3114
426,1920,1.8568,0.6883,0.3115
427,1930,1.8644,0.6883,0.3115
428,1940,1.8767,0.6884,0.3115
429,1950,1.8857,0.6883,0.3115
430,1960,1.8948,0.6884,0.3115
431,1970,1.9039,0.6882,0.3114
432,1980,1.912,0.6885,0.3114
433,1990,1.9193,0.6884,0.3114
434,2000,1.9282,0.6884,0.3114
435,2010,1.9385,0.6884,0.3114
436,2020,1.947,0.6886,0.3112
437,2030,1.9591,0.6884,0.3114
438,2040,1.9709,0.6885,0.3114
439,2050,1.9799,0.6884,0.3115
440,2060,1.9898,0.6884,0.3115
441,2070,1.9918,0.6885,0.3114
442,2080,1.9988,0.6884,0.3114
443,2090,2.0103,0.6884,0.3114
444,2100,2.0224,0.6885,0.3113
445,2110,2.0308,0.6886,0.3112
446,2120,2.0401,0.6884,0.3114
447,2130,2.0502,0.6886,0.3113
448,2140,2.0588,0.6885,0.3114
449,2150,2.069,0.6885,0.3113
450,2160,2.0787,0.6885,0.3113
451,2170,2.0877,0.6884,0.3114
452,2180,2.0961,0.6886,0.3112
453,2190,2.1004,0.6886,0.3112
454,2200,2.1111,0.6886,0.3113
455,2210,2.1198,0.6887,0.3111
456,2220,2.1324,0.6886,0.3113
457,2230,2.1438,0.6884,0.3114
458,2240,2.1524,0.6886,0.3111
459,2250,2.1649,0.6886,0.3112
460,2260,2.1715,0.6887,0.3111
461,2270,2.1801,0.6888,0.311
462,2280,2.1903,0.6887,0.3111
463,2290,2.2024,0.6884,0.3111
464,2300,2.2115,0.6888,0.311
465,2310,2.2217,0.6888,0.3111
466,2320,2.2329,0.6889,0.3109
467,2330,2.2407,0.6888,0.311
468,2340,2.2518,0.6886,0.3113
469,2350,2.2616,0.6888,0.3111
470,2360,2.2709,0.6885,0.3113
471,2370,2.2808,0.6889,0.311
472,2380,2.2903,0.6888,0.311
473,2390,2.3002,0.6888,0.311
474,2400,2.3103,0.6887,0.3111
475,2410,2.32,0.6887,0.3111
476,2420,2.3313,0.6887,0.3112
477,2430,2.3398,0.6888,0.311
478,2440,2.3504,0.6888,0.311
479,2450,2.3614,0.6888,0.311
480,2460,2.3696,0.6888,0.3111
481,2470,2.3811,0.6889,0.311
482,2480,2.3901,0.689,0.3109
483,2490,2.3999,0.6889,0.311
484,2500,2.4093,0.6889,0.311
485,2510,2.4197,0.6888,0.3111
486,2520,2.4293,0.6888,0.3111
487,2530,2.4401,0.6888,0.3111
488,2540,2.4517,0.6888,0.3111
489,2550,2.4593,0.6888,0.311
490,2560,2.4711,0.6885,0.3111
491,2570,2.4807,0.6889,0.3109
492,2580,2.4896,0.6889,0.311
493,2590,2.4996,0.6889,0.3109
494,2600,2.5091,0.689,0.3109
495,2610,2.5176,0.689,0.3108
496,2620,2.5266,0.6889,0.311
497,2630,2.5358,0.6889,0.311
498,2640,2.5457,0.6891,0.3108
499,2650,2.553,0.6888,0.3107
500,2660,2.5626,0.689,0.3108
501,2670,2.5713,0.689,0.3109
502,2680,2.58,0.689,0.3109
503,2690,2.5879,0.6889,0.3109
504,2700,2.5961,0.6889,0.3107
505,2710,2.6055,0.6889,0.3109
506,2720,2.6141,0.689,0.3108
507,2730,2.6228,0.689,0.3109
508,2740,2.6299,0.6892,0.3107
509,2750,2.64,0.689,0.3109
510,2760,2.65,0.6889,0.3109
511,2770,2.6575,0.689,0.3108
512,2780,2.6664,0.6891,0.3108
513,2790,2.6742,0.6891,0.3109
514,2800,2.6831,0.6891,0.3108
515,2810,2.6913,0.6891,0.3107
516,2820,2.7007,0.6889,0.3109
517,2830,2.7084,0.6889,0.3109
518,2840,2.7169,0.6891,0.3108
519,2850,2.7261,0.6891,0.3107
520,2860,2.7335,0.6891,0.3107
521,2870,2.7432,0.6891,0.3107
522,2880,2.7515,0.689,0.3108
523,2890,2.7606,0.6891,0.3107
524,2900,2.7689,0.6891,0.3106
525,2910,2.7772,0.6891,0.3108
526,2920,2.787,0.6891,0.3108
527,2930,2.7943,0.6891,0.3107
528,2940,2.8027,0.6887,0.3109
529,2950,2.8124,0.6891,0.3108
530,2960,2.8188,0.6891,0.3108
531,2970,2.829,0.6891,0.3107
532,2980,2.8374,0.689,0.3109
533,2990,2.8456,0.6892,0.3106
534,3000,2.8542,0.6891,0.3108
535,3010,2.863,0.689,0.3108
536,3020,2.8712,0.6891,0.3107
537,3030,2.8792,0.689,0.3108
538,3040,2.8888,0.6891,0.3108
539,3050,2.8956,0.6891,0.3107
540,3060,2.9041,0.6892,0.3106
541,3070,2.9141,0.6892,0.3106
542,3080,2.9208,0.6893,0.3106
543,3090,2.93,0.6891,0.3107
544,3100,2.938,0.6893,0.3105
545,3110,2.9467,0.6892,0.3106
546,3120,2.9552,0.6891,0.3108
547,3130,2.9631,0.6893,0.3105
548,3140,2.9727,0.6892,0.3107
549,3150,2.9795,0.6893,0.3106
550,3160,2.9884,0.6893,0.3106
551,3170,2.9985,0.6893,0.3105
552,3180,3.005,0.6893,0.3106
553,3190,3.0142,0.6893,0.3105
554,3200,3.022,0.689,0.3107
555,3210,3.0304,0.6892,0.3106
556,3220,3.0385,0.6893,0.3106
557,3230,3.0471,0.6892,0.3106
558,3240,3.0555,0.6893,0.3106
559,3250,3.0636,0.6892,0.3107
560,3260,3.072,0.6894,0.3105
561,3270,3.0806,0.6893,0.3105
562,3280,3.0891,0.6894,0.3105
563,3290,3.0983,0.6893,0.3105
564,3300,3.1056,0.6893,0.3106
565,3310,3.1143,0.6894,0.3105
566,3320,3.1224,0.6892,0.3106
567,3330,3.1297,0.6892,0.3106
568,3340,3.1373,0.6893,0.3105
569,3350,3.1469,0.6893,0.3105
570,3360,3.154,0.6894,0.3105
571,3370,3.1624,0.6894,0.3104
572,3380,3.1715,0.6894,0.3105
573,3390,3.1803,0.6893,0.3106
574,3400,3.1882,0.6894,0.3104
575,3410,3.196,0.6895,0.3103
576,3420,3.2045,0.6894,0.3105
577,3430,3.2115,0.6893,0.3105
578,3440,3.2199,0.6894,0.3105
579,3450,3.229,0.6893,0.3105
580,3460,3.2364,0.6895,0.3104
581,3470,3.2447,0.6895,0.3103
582,3480,3.254,0.6893,0.3106
583,3490,3.2614,0.6894,0.3104
584,3500,3.2706,0.6896,0.3103
585,3510,3.2789,0.6895,0.3103
586,3520,3.2862,0.6895,0.3103
587,3530,3.2937,0.6894,0.3104
588,3540,3.3028,0.6894,0.3104
589,3550,3.3096,0.6894,0.3105
590,3560,3.3178,0.6895,0.3104
591,3570,3.3279,0.6896,0.3102
592,3580,3.3343,0.6893,0.3104
593,3590,3.3432,0.6894,0.3105
594,3600,3.3513,0.6894,0.3102
595,3610,3.3583,0.6895,0.3103
596,3620,3.3679,0.6895,0.3104
597,3630,3.3752,0.6895,0.3103
598,3640,3.3838,0.6895,0.3103
599,3650,3.3909,0.6894,0.3103
600,3660,3.3991,0.6895,0.3103
601,3670,3.4085,0.6893,0.3101
602,3680,3.4151,0.6895,0.3103
603,3690,3.4232,0.6896,0.3103
604,3700,3.4317,0.6896,0.3102
605,3710,3.4397,0.6896,0.3102
606,3720,3.4481,0.6895,0.3104
607,3730,3.456,0.6896,0.3103
608,3740,3.463,0.6897,0.3102
609,3750,3.472,0.6897,0.3102
610,3760,3.4795,0.6897,0.3101
611,3770,3.4876,0.6896,0.3102
612,3780,3.4955,0.6895,0.3104
613,3790,3.5044,0.6896,0.3102
614,3800,3.5112,0.6893,0.3104
615,3810,3.5206,0.6895,0.3102
616,3820,3.5284,0.6897,0.3102
617,3830,3.5349,0.6897,0.3101
618,3840,3.5437,0.6899,0.31
619,3850,3.5507,0.6897,0.3101
620,3860,3.5594,0.6898,0.31
621,3870,3.5675,0.6896,0.3102
622,3880,3.5757,0.6897,0.3101
623,3890,3.5841,0.6897,0.3101
624,3900,3.5907,0.69,0.3099
625,3910,3.5995,0.6897,0.3101
626,3920,3.6069,0.6898,0.31
627,3930,3.6142,0.6897,0.3102
628,3940,3.6218,0.6897,0.3102
629,3950,3.6291,0.6896,0.3102
630,3960,3.6374,0.6898,0.3101
631,3970,3.6458,0.6897,0.3102
632,3980,3.6543,0.6899,0.31
633,3990,3.6604,0.69,0.3099
634,4000,3.6697,0.6898,0.31
635,4010,3.6783,0.6899,0.31
636,4020,3.6848,0.6898,0.31
637,4030,3.6937,0.6898,0.3101
638,4040,3.7007,0.6899,0.3099
639,4050,3.709,0.6899,0.31
640,4060,3.7163,0.6898,0.31
641,4070,3.7232,0.6899,0.3099
642,4080,3.7314,0.6899,0.3101
643,4090,3.7398,0.6898,0.31
644,4100,3.7481,0.6899,0.3099
645,4110,3.7545,0.6901,0.3097
646,4120,3.7642,0.6899,0.3099
647,4130,3.7713,0.6899,0.31
648,4140,3.7795,0.6898,0.3101
649,4150,3.7867,0.6898,0.31
650,4160,3.7949,0.69,0.3098
651,4170,3.8025,0.69,0.3098
652,4180,3.8089,0.6901,0.3099
653,4190,3.8174,0.6901,0.3098
654,4200,3.8265,0.6898,0.31
655,4210,3.8324,0.6898,0.31
656,4220,3.8408,0.6899,0.3099
657,4230,3.8486,0.6899,0.3099
658,4240,3.8553,0.6896,0.31
659,4250,3.8628,0.69,0.3099
660,4260,3.8704,0.6901,0.3098
661,4270,3.8775,0.6899,0.31
662,4280,3.8853,0.6902,0.3096
663,4290,3.8936,0.6901,0.3098
664,4300,3.9003,0.69,0.3098
665,4310,3.9081,0.69,0.3099
666,4320,3.9171,0.6899,0.3099
667,4330,3.923,0.69,0.3099
668,4340,3.9317,0.6902,0.3097
669,4350,3.9396,0.69,0.3098
670,4360,3.9469,0.6899,0.3099
671,4370,3.9537,0.69,0.3099
672,4380,3.9618,0.6901,0.3098
673,4390,3.97,0.69,0.3099
674,4400,3.977,0.6901,0.3097
675,4410,3.9839,0.69,0.3099
676,4420,3.9933,0.6901,0.3098
677,4430,3.9998,0.6901,0.3098
678,4440,4.0079,0.69,0.3099
679,4450,4.0151,0.6901,0.3098
680,4460,4.022,0.6902,0.3097
681,4470,4.0308,0.6901,0.3098
682,4480,4.0372,0.6901,0.3098
683,4490,4.0441,0.6899,0.3099
684,4500,4.0526,0.6901,0.3098
685,4510,4.0602,0.69,0.3098
686,4520,4.0661,0.6902,0.3096
687,4530,4.075,0.6902,0.3096
688,4540,4.0827,0.6901,0.3098
689,4550,4.0896,0.6902,0.3096
690,4560,4.0965,0.6901,0.3097
691,4570,4.105,0.6901,0.3098
692,4580,4.1117,0.6902,0.3097
693,4590,4.1185,0.6901,0.3097
694,4600,4.1267,0.6902,0.3097
695,4610,4.1333,0.6903,0.3096
696,4620,4.1415,0.6901,0.3098
697,4630,4.1496,0.6901,0.3098
698,4640,4.1572,0.6902,0.3096
699,4650,4.1628,0.6901,0.3097
700,4660,4.1711,0.6902,0.3096
701,4670,4.1776,0.6903,0.3097
702,4680,4.185,0.6902,0.3096
703,4690,4.1923,0.6903,0.3095
704,4700,4.2003,0.6903,0.3096
705,4710,4.2068,0.6901,0.3098
706,4720,4.2141,0.6903,0.3094
707,4730,4.2235,0.6903,0.3095
708,4740,4.2288,0.6903,0.3096
709,4750,4.2373,0.6904,0.3095
710,4760,4.2452,0.6903,0.3096
711,4770,4.2515,0.6903,0.3096
712,4780,4.2594,0.6903,0.3095
713,4790,4.2652,0.6903,0.3096
714,4800,4.2729,0.6903,0.3096
715,4810,4.2798,0.6906,0.3094
716,4820,4.2875,0.6903,0.3095
717,4830,4.2936,0.6903,0.3096
718,4840,4.3014,0.6903,0.3095
719,4850,4.3096,0.6904,0.3095
720,4860,4.3156,0.6905,0.3094
721,4870,4.3232,0.6904,0.3094
722,4880,4.3306,0.6904,0.3095
723,4890,4.3375,0.6904,0.3095
724,4900,4.344,0.6905,0.3094
725,4910,4.3523,0.6904,0.3095
726,4920,4.3594,0.6905,0.3094
727,4930,4.3662,0.6904,0.3095
728,4940,4.3736,0.6905,0.3094
729,4950,4.3818,0.6904,0.3095
730,4960,4.3889,0.6904,0.3094
731,4970,4.3963,0.6903,0.3095
732,4980,4.4031,0.6906,0.3093
733,4990,4.4084,0.6905,0.3093
734,5000,4.4165,0.6905,0.3094
735,5010,4.4232,0.6904,0.3094
736,5020,4.4293,0.6905,0.3093
737,5030,4.437,0.6905,0.3094
738,5040,4.4458,0.6903,0.3096
739,5050,4.4512,0.6904,0.3095
740,5060,4.4592,0.6905,0.3094
741,5070,4.4663,0.6904,0.3094
742,5080,4.4729,0.6905,0.3093
743,5090,4.4795,0.6904,0.3094
744,5100,4.4871,0.6904,0.3094
745,5110,4.4938,0.6905,0.3093
746,5120,4.5007,0.6903,0.3095
747,5130,4.5074,0.6906,0.3093
748,5140,4.5151,0.6905,0.3093
749,5150,4.5215,0.6903,0.3093
750,5160,4.5294,0.6906,0.3093
751,5170,4.5362,0.6907,0.3092
752,5180,4.5425,0.6905,0.3093
753,5190,4.5497,0.6905,0.3093
754,5200,4.5565,0.6906,0.3093
755,5210,4.5635,0.6904,0.3092
756,5220,4.5711,0.6904,0.3095
757,5230,4.5777,0.6906,0.3092
758,5240,4.5837,0.6906,0.3093
759,5250,4.5915,0.6905,0.3093
760,5260,4.5999,0.6906,0.3093
761,5270,4.6054,0.6905,0.3093
762,5280,4.6126,0.6907,0.3092
763,5290,4.6196,0.6907,0.3092
764,5300,4.6253,0.6905,0.3093
765,5310,4.634,0.6906,0.3093
766,5320,4.6395,0.6905,0.3093
767,5330,4.6421,0.6907,0.3091
768,5340,4.6504,0.6907,0.3091
769,5350,4.6602,0.6905,0.3091
770,5360,4.6638,0.6904,0.3092
771,5370,4.6715,0.6907,0.3092
772,5380,4.6817,0.6907,0.3092
773,5390,4.6857,0.6907,0.3092
774,5400,4.6924,0.6908,0.309
775,5410,4.7017,0.6906,0.3093
776,5420,4.7068,0.6907,0.3092
777,5430,4.7133,0.6907,0.3091
778,5440,4.7232,0.6907,0.3091
779,5450,4.725,0.6906,0.3092
780,5460,4.7341,0.6908,0.309
781,5470,4.7419,0.6907,0.3091
782,5480,4.7454,0.6907,0.3091
783,5490,4.7548,0.6909,0.309
784,5500,4.7619,0.6909,0.309
785,5510,4.766,0.6908,0.3091
786,5520,4.7758,0.6906,0.309
787,5530,4.7814,0.6908,0.309
788,5540,4.7867,0.6908,0.3091
789,5550,4.7966,0.6908,0.309
790,5560,4.7987,0.6908,0.3091
791,5570,4.8076,0.6908,0.3091
792,5580,4.8149,0.6907,0.309
793,5590,4.8205,0.6908,0.3091
794,5600,4.8283,0.691,0.3089
795,5610,4.8372,0.6908,0.3091
796,5620,4.8398,0.6909,0.3089
797,5630,4.8495,0.6908,0.3091
798,5640,4.8555,0.6909,0.3089
799,5650,4.86,0.6908,0.3091
800,5660,4.8693,0.6908,0.309
801,5670,4.8755,0.691,0.3089
802,5680,4.8807,0.691,0.3089
803,5690,4.8907,0.6908,0.3091
804,5700,4.8925,0.6909,0.309
805,5710,4.9017,0.6909,0.309
806,5720,4.9091,0.6908,0.309
807,5730,4.9125,0.6908,0.309
808,5740,4.9225,0.6908,0.309
809,5750,4.9243,0.691,0.3088
810,5760,4.9328,0.6911,0.3087
811,5770,4.9416,0.6908,0.309
812,5780,4.9458,0.691,0.3089
813,5790,4.954,0.691,0.3089
814,5800,4.961,0.6911,0.3088
815,5810,4.965,0.6909,0.3089
816,5820,4.9748,0.6909,0.309
817,5830,4.9786,0.6909,0.3088
818,5840,4.9854,0.6909,0.3088
819,5850,4.9928,0.6909,0.3088
820,5860,4.9965,0.691,0.3089
821,5870,5.0062,0.6909,0.3089
822,5880,5.0142,0.691,0.3089
823,5890,5.0167,0.6911,0.3088
824,5900,5.0265,0.691,0.3089
825,5910,5.0312,0.6912,0.3087
826,5920,5.0373,0.6912,0.3087
827,5930,5.0476,0.6911,0.3088
828,5940,5.0493,0.6909,0.3089
829,5950,5.0584,0.6911,0.3088
830,5960,5.0608,0.6911,0.3088
831,5970,5.069,0.691,0.3089
832,5980,5.0791,0.6911,0.3089
833,5990,5.0799,0.6911,0.3087
834,6000,5.0895,0.6913,0.3086
835,6010,5.097,0.6912,0.3087
836,6020,5.1003,0.6912,0.3087
837,6030,5.1106,0.6911,0.3087
838,6040,5.1136,0.6911,0.3088
839,6050,5.1212,0.6911,0.3088
840,6060,5.1299,0.6912,0.3088
841,6070,5.1324,0.6911,0.3087
842,6080,5.1419,0.6912,0.3087
843,6090,5.1471,0.6911,0.3088
844,6100,5.1524,0.6913,0.3086
845,6110,5.1613,0.6911,0.3087
846,6120,5.164,0.6912,0.3087
847,6130,5.1732,0.6913,0.3086
848,6140,5.1781,0.6913,0.3086
849,6150,5.1837,0.6912,0.3086
850,6160,5.1898,0.6913,0.3085
851,6170,5.1944,0.691,0.3087
852,6180,5.2037,0.6912,0.3087
853,6190,5.2079,0.6912,0.3086
854,6200,5.215,0.6912,0.3086
855,6210,5.2226,0.6912,0.3086
856,6220,5.2254,0.6914,0.3085
857,6230,5.2356,0.6911,0.3087
858,6240,5.2383,0.6913,0.3086
859,6250,5.2463,0.6913,0.3085
860,6260,5.2537,0.691,0.3085
861,6270,5.2568,0.6914,0.3085
862,6280,5.266,0.6912,0.3086
863,6290,5.2703,0.6914,0.3085
864,6300,5.2775,0.6915,0.3085
865,6310,5.2867,0.6912,0.3086
866,6320,5.2882,0.6913,0.3086
867,6330,5.298,0.6914,0.3085
868,6340,5.3002,0.6913,0.3086
869,6350,5.3089,0.6913,0.3086
870,6360,5.3138,0.6913,0.3086
871,6370,5.3194,0.6913,0.3086
872,6380,5.3247,0.6914,0.3084
873,6390,5.3315,0.6914,0.3085
874,6400,5.34,0.6914,0.3085
875,6410,5.3447,0.6911,0.3084
876,6420,5.3506,0.6914,0.3085
877,6430,5.356,0.6914,0.3085
878,6440,5.3614,0.6912,0.3086
879,6450,5.3702,0.6912,0.3086
880,6460,5.3729,0.6914,0.3085
881,6470,5.3818,0.6914,0.3083
882,6480,5.388,0.6914,0.3084
883,6490,5.3922,0.6915,0.3084
884,6500,5.3984,0.6914,0.3085
885,6510,5.4028,0.6914,0.3083
886,6520,5.4093,0.6916,0.3084
887,6530,5.4133,0.6914,0.3084
888,6540,5.4233,0.6913,0.3084
889,6550,5.4257,0.6915,0.3084
890,6560,5.434,0.6915,0.3084
891,6570,5.4391,0.6914,0.3083
892,6580,5.4444,0.6914,0.3083
893,6590,5.453,0.6915,0.3084
894,6600,5.4553,0.6914,0.3084
895,6610,5.4648,0.6914,0.3082
896,6620,5.471,0.6914,0.3084
897,6630,5.4756,0.6916,0.3082
898,6640,5.4828,0.6916,0.3083
899,6650,5.4862,0.6915,0.3084
900,6660,5.496,0.6915,0.3083
901,6670,5.4974,0.6914,0.3083
902,6680,5.5068,0.6917,0.3083
903,6690,5.5081,0.6916,0.3083
904,6700,5.5171,0.6916,0.3082
905,6710,5.5186,0.6916,0.3083
906,6720,5.5278,0.6915,0.3083
907,6730,5.5354,0.6917,0.3082
908,6740,5.5382,0.6913,0.3082
909,6750,5.5472,0.6917,0.3082
910,6760,5.5499,0.6915,0.3081
911,6770,5.5584,0.6918,0.3081
912,6780,5.5596,0.6917,0.3081
913,6790,5.5692,0.6916,0.3082
914,6800,5.5748,0.6916,0.3082
915,6810,5.5797,0.6916,0.3082
916,6820,5.5885,0.6917,0.3082
917,6830,5.5898,0.6917,0.3081
918,6840,5.5997,0.6916,0.3082
919,6850,5.6015,0.6917,0.3083
920,6860,5.6104,0.6917,0.308
921,6870,5.6127,0.6916,0.3081
922,6880,5.6213,0.6918,0.3081
923,6890,5.6244,0.6918,0.3081
924,6900,5.6315,0.6918,0.3081
925,6910,5.6384,0.6917,0.3082
926,6920,5.6421,0.6918,0.3081
927,6930,5.6507,0.6916,0.3082
928,6940,5.6526,0.6918,0.3081
929,6950,5.6609,0.6918,0.308
930,6960,5.6631,0.6916,0.3082
931,6970,5.6726,0.6917,0.308
932,6980,5.6737,0.6917,0.3081
933,6990,5.6832,0.6918,0.3081
934,7000,5.684,0.6917,0.3081
935,7010,5.694,0.6917,0.3081
936,7020,5.6952,0.6918,0.308
937,7030,5.7043,0.6919,0.308
938,7040,5.7071,0.6918,0.3081
939,7050,5.7146,0.6918,0.3079
940,7060,5.7198,0.6917,0.3079
941,7070,5.7253,0.6918,0.308
942,7080,5.7289,0.6919,0.308
943,7090,5.7356,0.6918,0.3081
944,7100,5.7404,0.6919,0.308
945,7110,5.7459,0.6919,0.3079
946,7120,5.7514,0.6919,0.308
947,7130,5.7566,0.6918,0.3079
948,7140,5.7652,0.6921,0.3079
949,7150,5.7667,0.692,0.3079
950,7160,5.7769,0.6918,0.3081
951,7170,5.7775,0.692,0.3079
952,7180,5.7875,0.6918,0.308
953,7190,5.7882,0.6919,0.3079
954,7200,5.7973,0.6919,0.3079
955,7210,5.7987,0.6919,0.308
956,7220,5.8079,0.692,0.3079
957,7230,5.8103,0.692,0.3078
958,7240,5.8183,0.692,0.3078
959,7250,5.8225,0.6919,0.3079
960,7260,5.8291,0.6918,0.3079
961,7270,5.8304,0.692,0.3079
962,7280,5.8392,0.6921,0.3078
963,7290,5.8428,0.692,0.3079
964,7300,5.8498,0.6919,0.3078
965,7310,5.8508,0.692,0.3079
966,7320,5.8599,0.6921,0.3077
967,7330,5.8614,0.692,0.3079
968,7340,5.8705,0.692,0.3079
969,7350,5.8758,0.6918,0.3079
970,7360,5.8808,0.6921,0.3078
971,7370,5.8856,0.6921,0.3078
972,7380,5.8913,0.6921,0.3078
973,7390,5.8938,0.692,0.3077
974,7400,5.9015,0.6921,0.3077
975,7410,5.9045,0.6921,0.3077
976,7420,5.912,0.692,0.3078
977,7430,5.9125,0.6919,0.3078
978,7440,5.9221,0.6921,0.3078
979,7450,5.9234,0.6922,0.3077
980,7460,5.9325,0.6921,0.3078
981,7470,5.9355,0.6922,0.3077
982,7480,5.9432,0.6921,0.3077
983,7490,5.945,0.6922,0.3077
984,7500,5.9533,0.6921,0.3077
985,7510,5.9543,0.6922,0.3077
986,7520,5.9639,0.692,0.3078
987,7530,5.9643,0.6922,0.3077
988,7540,5.9742,0.6921,0.3078
989,7550,5.9747,0.6922,0.3076
990,7560,5.9838,0.6923,0.3076
991,7570,5.9846,0.6922,0.3077
992,7580,5.9905,0.6922,0.3076
993,7590,5.9951,0.6922,0.3076
994,7600,6.0046,0.6923,0.3076
995,7610,6.0052,0.6923,0.3076
996,7620,6.0141,0.6923,0.3076
997,7630,6.0155,0.6922,0.3075
998,7640,6.0226,0.6922,0.3076
999,7650,6.0257,0.6923,0.3076
1000,7660,6.0305,0.6923,0.3076
1001,7670,6.0361,0.6923,0.3075
1002,7680,6.0399,0.6922,0.3077
1003,7690,6.0466,0.6923,0.3075
1004,7700,6.0495,0.6923,0.3076
1005,7710,6.0571,0.6922,0.3076
1006,7720,6.0571,0.6924,0.3075
1007,7730,6.0667,0.6924,0.3074
1008,7740,6.0674,0.6923,0.3076
1009,7750,6.0734,0.6924,0.3075
1010,7760,6.0774,0.6923,0.3075
1011,7770,6.0817,0.6923,0.3075
1012,7780,6.088,0.6923,0.3075
1013,7790,6.0927,0.6924,0.3075
1014,7800,6.0984,0.6922,0.3075
1015,7810,6.1015,0.6923,0.3075
1016,7820,6.109,0.6922,0.3076
1017,7830,6.1092,0.6924,0.3074
1018,7840,6.1183,0.6923,0.3076
1019,7850,6.1195,0.6921,0.3075
1020,7860,6.1276,0.6924,0.3074
1021,7870,6.1294,0.6923,0.3075
1022,7880,6.1377,0.6923,0.3076
1023,7890,6.1397,0.6923,0.3075
1024,7900,6.1423,0.6925,0.3074
1025,7910,6.1499,0.6924,0.3075
1026,7920,6.1511,0.6923,0.3075
1027,7930,6.1603,0.6924,0.3075
1028,7940,6.1605,0.6924,0.3074
1029,7950,6.1678,0.6925,0.3074
1030,7960,6.1708,0.6924,0.3075
1031,7970,6.1752,0.6925,0.3074
1032,7980,6.1809,0.6925,0.3074
1033,7990,6.181,0.6925,0.3074
1034,8000,6.1897,0.6923,0.3075
1035,8010,6.1912,0.6926,0.3073
1036,8020,6.1963,0.6925,0.3073
1037,8030,6.2016,0.6926,0.3073
1038,8040,6.2041,0.6924,0.3073
1039,8050,6.2118,0.6924,0.3073
1040,8060,6.2121,0.6925,0.3074
1041,8070,6.2201,0.6926,0.3073
1042,8080,6.222,0.6927,0.3072
1043,8090,6.2241,0.6924,0.3072
1044,8100,6.2326,0.6925,0.3073
1045,8110,6.2332,0.6926,0.3073
1046,8120,6.2403,0.6926,0.3073
1047,8130,6.2429,0.6925,0.3072
1048,8140,6.2481,0.6925,0.3074
1049,8150,6.253,0.6926,0.3073
1050,8160,6.2534,0.6926,0.3073
1051,8170,6.2624,0.6926,0.3073
1052,8180,6.2631,0.6927,0.3071
1053,8190,6.2695,0.6925,0.3073
1054,8200,6.2737,0.6927,0.3072
1055,8210,6.2749,0.6926,0.3072
1056,8220,6.2831,0.6926,0.3073
1057,8230,6.2843,0.6926,0.3073
1058,8240,6.2886,0.6926,0.3072
1059,8250,6.2942,0.6928,0.3071
1060,8260,6.296,0.6926,0.3072
1061,8270,6.3023,0.6926,0.3072
1062,8280,6.3046,0.6928,0.3071
1063,8290,6.3084,0.6927,0.3072
1064,8300,6.3139,0.6927,0.3072
1065,8310,6.315,0.6927,0.3071
1066,8320,6.3168,0.6927,0.3072
1067,8330,6.3249,0.6928,0.3071
1068,8340,6.3258,0.6927,0.3071
1069,8350,6.3329,0.6928,0.307
1070,8360,6.3357,0.6927,0.3072
1071,8370,6.3355,0.6928,0.3071
1072,8380,6.3431,0.6927,0.3071
1073,8390,6.3459,0.6928,0.3071
1074,8400,6.3462,0.6929,0.3071
1075,8410,6.3545,0.6929,0.307
1076,8420,6.3562,0.6928,0.3071
1077,8430,6.3577,0.6928,0.3071
1078,8440,6.3657,0.6929,0.3069
1079,8450,6.3665,0.6927,0.3071
1080,8460,6.37,0.6926,0.3072
1081,8470,6.3764,0.6929,0.307
1082,8480,6.3766,0.6929,0.307
1083,8490,6.3801,0.6928,0.307
1084,8500,6.3869,0.6929,0.307
1085,8510,6.3867,0.693,0.3069
1086,8520,6.3903,0.6928,0.3071
1087,8530,6.3967,0.6929,0.3069
1088,8540,6.3974,0.6929,0.307
1089,8550,6.4033,0.6927,0.307
1090,8560,6.4073,0.6929,0.307
1091,8570,6.4074,0.693,0.3069
1092,8580,6.409,0.6928,0.3071
1093,8590,6.4175,0.6928,0.3071
1094,8600,6.4178,0.6928,0.3069
1095,8610,6.4198,0.6928,0.3071
1096,8620,6.4279,0.6927,0.307
1097,8630,6.4281,0.6928,0.3069
1098,8640,6.431,0.6929,0.3069
1099,8650,6.4382,0.6928,0.307
1100,8660,6.4384,0.6929,0.3069
1101,8670,6.4403,0.6929,0.307
1102,8680,6.4487,0.6929,0.307
1103,8690,6.4487,0.6929,0.3069
1104,8700,6.4523,0.6929,0.3069
1105,8710,6.456,0.6929,0.3069
1106,8720,6.459,0.6929,0.307
1107,8730,6.4594,0.6929,0.3069
1108,8740,6.4648,0.693,0.3069
1109,8750,6.4675,0.693,0.3067
1110,8760,6.4691,0.693,0.3068
1111,8770,6.4703,0.693,0.3069
1112,8780,6.4757,0.6929,0.307
1113,8790,6.4792,0.693,0.3069
1114,8800,6.4795,0.693,0.3069
1115,8810,6.485,0.6929,0.3068
1116,8820,6.4896,0.6929,0.3069
1117,8830,6.4896,0.693,0.3069
1118,8840,6.4902,0.6929,0.3069
1119,8850,6.4964,0.6931,0.3068
1120,8860,6.4997,0.6929,0.3069
1121,8870,6.4999,0.693,0.3067
1122,8880,6.5062,0.693,0.3068
1123,8890,6.51,0.6931,0.3068
1124,8900,6.5101,0.6932,0.3067
1125,8910,6.5103,0.6929,0.3068
1126,8920,6.5118,0.6931,0.3068
1127,8930,6.5187,0.6931,0.3068
1128,8940,6.5202,0.6931,0.3067
1129,8950,6.5205,0.6931,0.3068
1130,8960,6.5226,0.6932,0.3067
1131,8970,6.5291,0.6931,0.3068
1132,8980,6.5305,0.6932,0.3067
1133,8990,6.5308,0.6931,0.3068
1134,9000,6.535,0.6932,0.3067
1135,9010,6.5405,0.6932,0.3067
1136,9020,6.5407,0.6932,0.3067
1137,9030,6.5409,0.6931,0.3068
1138,9040,6.5438,0.693,0.3067
1139,9050,6.5494,0.6931,0.3068
1140,9060,6.551,0.6932,0.3067
1141,9070,6.5511,0.6931,0.3067
1142,9080,6.5528,0.6931,0.3068
1143,9090,6.5584,0.6931,0.3068
1144,9100,6.5613,0.6931,0.3068
1145,9110,6.5612,0.6931,0.3067
1146,9120,6.5619,0.6932,0.3067
1147,9130,6.5681,0.6933,0.3066
1148,9140,6.571,0.6933,0.3066
1149,9150,6.5714,0.6932,0.3067
1150,9160,6.5718,0.6933,0.3066
1151,9170,6.5747,0.6932,0.3067
1152,9180,6.5798,0.6932,0.3067
1153,9190,6.5816,0.6932,0.3066
1154,9200,6.5815,0.6932,0.3066
1155,9210,6.5821,0.6933,0.3066
1156,9220,6.5876,0.6932,0.3066
1157,9230,6.5914,0.6931,0.3066
1158,9240,6.5918,0.6932,0.3065
1159,9250,6.592,0.6932,0.3067
1160,9260,6.594,0.6933,0.3066
1161,9270,6.5989,0.6933,0.3066
1162,9280,6.6011,0.6934,0.3064
1163,9290,6.6022,0.6931,0.3066
1164,9300,6.6022,0.6931,0.3066
1165,9310,6.6032,0.6933,0.3065
1166,9320,6.6087,0.6931,0.3066
1167,9330,6.6084,0.6933,0.3066
1168,9340,6.6125,0.6931,0.3067
1169,9350,6.6122,0.6933,0.3066
1170,9360,6.6126,0.6934,0.3065
1171,9370,6.6166,0.6934,0.3065
1172,9380,6.6217,0.6933,0.3066
1173,9390,6.6225,0.6933,0.3065
1174,9400,6.6226,0.6932,0.3066
1175,9410,6.6224,0.6933,0.3065
1176,9420,6.6252,0.6933,0.3065
1177,9430,6.6323,0.6932,0.3067
1178,9440,6.6325,0.6933,0.3065
1179,9450,6.6327,0.6933,0.3066
1180,9460,6.6327,0.6933,0.3066
1181,9470,6.6339,0.6933,0.3066
1182,9480,6.6377,0.6933,0.3065
1183,9490,6.641,0.6933,0.3065
1184,9500,6.6426,0.6933,0.3066
1185,9510,6.6426,0.6935,0.3064
1186,9520,6.6426,0.6934,0.3065
1187,9530,6.6427,0.6934,0.3065
1188,9540,6.6442,0.6933,0.3066
1189,9550,6.6462,0.6932,0.3067
1190,9560,6.6506,0.6933,0.3066
1191,9570,6.6531,0.6932,0.3066
1192,9580,6.6529,0.6934,0.3065
1193,9590,6.6531,0.6934,0.3065
1194,9600,6.6563,0.6934,0.3064
1195,9610,6.6604,0.6935,0.3064
1196,9620,6.6629,0.6934,0.3065
1197,9630,6.6631,0.6934,0.3064
1198,9640,6.6628,0.6935,0.3063
1199,9650,6.6631,0.6934,0.3065
1200,9660,6.6642,0.6934,0.3064
1201,9670,6.6667,0.6933,0.3066
1202,9680,6.6716,0.6935,0.3063
1203,9690,6.6725,0.6935,0.3064
1204,9700,6.6732,0.6934,0.3064
1205,9710,6.6733,0.6934,0.3065
1206,9720,6.6733,0.6934,0.3065
1207,9730,6.6733,0.6935,0.3064
1208,9740,6.6742,0.6935,0.3064
1209,9750,6.6777,0.6937,0.3063
1210,9760,6.6808,0.6934,0.3063
1211,9770,6.683,0.6934,0.3064
1212,9780,6.6832,0.6935,0.3064
1213,9790,6.6832,0.6935,0.3064
1214,9800,6.6834,0.6935,0.3064
1215,9810,6.6837,0.6935,0.3063
1216,9820,6.6847,0.6935,0.3064
1217,9830,6.6873,0.6935,0.3063
1218,9840,6.6919,0.6935,0.3063
1219,9850,6.6932,0.6935,0.3064
1220,9860,6.6936,0.6934,0.3064
1221,9870,6.6934,0.6935,0.3064
1222,9880,6.6935,0.6934,0.3063
1223,9890,6.6938,0.6934,0.3065
1224,9900,6.6949,0.6935,0.3064
1225,9910,6.698,0.6935,0.3063
1226,9920,6.7024,0.6935,0.3064
1227,9930,6.7029,0.6937,0.3062
1228,9940,6.7036,0.6935,0.3063
1229,9950,6.7038,0.6934,0.3064
1230,9960,6.7037,0.6934,0.3065
1231,9970,6.7037,0.6935,0.3063
1232,9980,6.704,0.6935,0.3063
1233,9990,6.7052,0.6934,0.3064
1234,10000,6.7103,0.6934,0.3064
